Workbook

Sheet AnalisisMTG
E1: Value
E2: Monday | H2: Tuesday | K2: Wednesday | N2: Thursday | Q2: Friday | T2: Saturday | W2: Sunday | Z2: Lunes | AA2: Martes | AB2: Miércoles | AC2: Jueves | AD2: Viernes | AE2: Sábado | AF2: Domingo | AG2: Lunes | AH2: Martes | AI2: Miércoles | AJ2: Jueves | AK2: Viernes | AL2: Sábado | AM2: Domingo | AS2: Sonometros
B3: Mes | C3: Tag | E3: dia | F3: tarde | G3: noche | H3: dia | I3: tarde | J3: noche | K3: dia | L3: tarde | M3: noche | N3: dia | O3: tarde | P3: noche | Q3: dia | R3: tarde | S3: noche | T3: dia | U3: tarde | V3: noche | W3: dia | X3: tarde | Y3: noche | Z3: Ld-Ln | AA3: Ld-Ln | AB3: Ld-Ln | AC3: Ld-Ln | AD3: Ld-Ln | AE3: Ld-Ln | AF3: Ld-Ln | AG3: Ld-Le | AH3: Ld-Le | AI3: Ld-Le | AJ3: Ld-Le | AK3: Ld-Le | AL3: Ld-Le | AM3: Ld-Le | AN3: Sonómetros con Perfil noche | AO3: Sonómetros con Perfil tarde | AS3: Perfil Tarde | AV3: Total Red
A4: 187 | B4: enero | C4: BI-RUI-001LD | D4: Rgez. Arias | E4: 62.658795 | F4: 62.476106 | G4: 60.494662 | H4: 62.935587 | I4: 60.60414 | J4: 62.766541 | K4: 66.611396 | L4: 62.119917 | M4: 67.73573 | N4: 62.907461 | O4: 62.004881 | P4: 61.88153 | Q4: 66.467463 | R4: 63.06384 | S4: 68.529278 | T4: 62.893726 | U4: 62.271837 | V4: 70.64724 | W4: 61.994614 | X4: 61.622052 | Y4: 69.121966 | Z4: =E4-G4 -> 2.164133 | AA4: =H4-J4 -> 0.16904626 | AB4: =K4-M4 -> -1.1243341 | AC4: =N4-P4 -> 1.025931 | AD4: =Q4-S4 -> -2.0618157 | AE4: =T4-V4 -> -7.7535144 | AF4: =W4-Y4 -> -7.1273529 | AG4: =E4-F4 -> 0.18268929 | AH4: =F4-G4 -> 1.9814437 | AI4: =K4-L4 -> 4.4914786 | AJ4: =N4-O4 -> 0.9025799 | AK4: =Q4-R4 -> 3.403623 | AL4: =T4-U4 -> 0.62188902 | AM4: =W4-X4 -> 0.37256116 | AN4: =IF(AF4<-2,C4,IF(AE4<-2,C4,"")) -> BI-RUI-001LD | AO4: =IF(AM4<-2,C4,IF(AL4<-2,C4,"")) | AP4: {=_xlfn.UNIQUE(AN:AN)} -> 0
A5: 250 | B5: febrero | C5: BI-RUI-001LD | E5: 63.347523 | F5: 59.768522 | G5: 59.805261 | H5: 64.505799 | I5: 62.675691 | J5: 60.824725 | K5: 63.481903 | L5: 60.467503 | M5: 62.059144 | N5: 63.733194 | O5: 61.346972 | P5: 61.365897 | Q5: 66.231968 | R5: 63.272475 | S5: 68.484382 | T5: 63.21594 | U5: 60.59231 | V5: 70.470423 | W5: 62.77499 | X5: 58.723377 | Y5: 67.885564 | Z5: =E5-G5 -> 3.542262 | AA5: =H5-J5 -> 3.6810739 | AB5: =K5-M5 -> 1.4227596 | AC5: =N5-P5 -> 2.3672965 | AD5: =Q5-S5 -> -2.2524137 | AE5: =T5-V5 -> -7.254483 | AF5: =W5-Y5 -> -5.1105732 | AG5: =E5-F5 -> 3.5790011 | AH5: =F5-G5 -> -0.036739171 | AI5: =K5-L5 -> 3.0143999 | AJ5: =N5-O5 -> 2.3862219 | AK5: =Q5-R5 -> 2.9594932 | AL5: =T5-U5 -> 2.6236301 | AM5: =W5-X5 -> 4.051613 | AN5: =IF(AF5<-2,C5,IF(AE5<-2,C5,"")) -> BI-RUI-001LD | AO5: =IF(AM5<-2,C5,IF(AL5<-2,C5,"")) | AP5: Sonómetros con Perfil noche | AQ5: 44 sonómetros | AS5: {=_xlfn.UNIQUE(AO4:AO750)} | AV5: {=_xlfn.UNIQUE(C4:C750)} -> BI-RUI-001LD
A6: 438 | B6: marzo | C6: BI-RUI-001LD | E6: 64.627038 | F6: 60.730735 | G6: 60.852731 | H6: 64.157622 | I6: 61.184763 | J6: 61.734293 | K6: 65.110056 | L6: 60.831295 | M6: 60.881975 | N6: 63.813905 | O6: 61.203351 | P6: 61.576753 | Q6: 66.334472 | R6: 62.720985 | S6: 69.215179 | T6: 62.326535 | U6: 62.392355 | V6: 70.790639 | W6: 61.773812 | X6: 63.953514 | Y6: 69.494636 | Z6: =E6-G6 -> 3.774307 | AA6: =H6-J6 -> 2.4233286 | AB6: =K6-M6 -> 4.2280804 | AC6: =N6-P6 -> 2.2371518 | AD6: =Q6-S6 -> -2.880707 | AE6: =T6-V6 -> -8.4641045 | AF6: =W6-Y6 -> -7.7208234 | AG6: =E6-F6 -> 3.8963025 | AH6: =F6-G6 -> -0.12199552 | AI6: =K6-L6 -> 4.2787609 | AJ6: =N6-O6 -> 2.6105535 | AK6: =Q6-R6 -> 3.6134868 | AL6: =T6-U6 -> -0.065820134 | AM6: =W6-X6 -> -2.1797019 | AN6: =IF(AF6<-2,C6,IF(AE6<-2,C6,"")) -> BI-RUI-001LD | AO6: =IF(AM6<-2,C6,IF(AL6<-2,C6,"")) -> BI-RUI-001LD | AP6: BI-RUI-001LD | AS6: BI-RUI-001LD | AV6: BI-RUI-004LD
A7: 0 | B7: abril | C7: BI-RUI-001LD | E7: 61.580151 | F7: 60.443165 | G7: 59.517598 | H7: 63.287053 | I7: 70.515742 | J7: 63.670796 | K7: 63.609378 | L7: 62.114813 | M7: 68.190563 | N7: 61.978456 | O7: 63.970992 | P7: 62.901147 | Q7: 64.228229 | R7: 61.16625 | S7: 69.298418 | T7: 63.132935 | U7: 63.961765 | V7: 70.498133 | W7: 63.17597 | X7: 59.126623 | Y7: 68.685567 | Z7: =E7-G7 -> 2.0625525 | AA7: =H7-J7 -> -0.38374373 | AB7: =K7-M7 -> -4.5811849 | AC7: =N7-P7 -> -0.92269058 | AD7: =Q7-S7 -> -5.0701892 | AE7: =T7-V7 -> -7.3651975 | AF7: =W7-Y7 -> -5.5095966 | AG7: =E7-F7 -> 1.1369857 | AH7: =F7-G7 -> 0.92556677 | AI7: =K7-L7 -> 1.4945659 | AJ7: =N7-O7 -> -1.9925351 | AK7: =Q7-R7 -> 3.0619791 | AL7: =T7-U7 -> -0.82883031 | AM7: =W7-X7 -> 4.049347 | AN7: =IF(AF7<-2,C7,IF(AE7<-2,C7,"")) -> BI-RUI-001LD | AO7: =IF(AM7<-2,C7,IF(AL7<-2,C7,"")) | AS7: BI-RUI-004LD | AV7: BI-RUI-005LD
A8: 501 | B8: mayo | C8: BI-RUI-001LD | E8: 63.523597 | F8: 59.978862 | G8: 63.361538 | H8: 62.902213 | I8: 60.726175 | J8: 59.719009 | K8: 62.282605 | L8: 61.122283 | M8: 60.654664 | N8: 62.659114 | O8: 64.861398 | P8: 61.488208 | Q8: 66.479412 | R8: 62.672438 | S8: 70.321195 | T8: 63.180426 | U8: 62.738659 | V8: 70.650322 | W8: 62.779969 | X8: 60.669288 | Y8: 69.077105 | Z8: =E8-G8 -> 0.16205927 | AA8: =H8-J8 -> 3.1832043 | AB8: =K8-M8 -> 1.6279401 | AC8: =N8-P8 -> 1.1709056 | AD8: =Q8-S8 -> -3.8417837 | AE8: =T8-V8 -> -7.4698963 | AF8: =W8-Y8 -> -6.2971355 | AG8: =E8-F8 -> 3.5447354 | AH8: =F8-G8 -> -3.3826762 | AI8: =K8-L8 -> 1.160322 | AJ8: =N8-O8 -> -2.2022843 | AK8: =Q8-R8 -> 3.8069734 | AL8: =T8-U8 -> 0.4417673 | AM8: =W8-X8 -> 2.1106813 | AN8: =IF(AF8<-2,C8,IF(AE8<-2,C8,"")) -> BI-RUI-001LD | AO8: =IF(AM8<-2,C8,IF(AL8<-2,C8,"")) | AP8: BI-RUI-006LD | AS8: BI-RUI-005LD | AV8: BI-RUI-006LD
A9: 375 | B9: junio | C9: BI-RUI-001LD | E9: 65.743959 | F9: 61.661502 | G9: 66.184326 | H9: 64.19926 | I9: 63.322566 | J9: 61.107384 | K9: 63.853472 | L9: 61.941887 | M9: 61.623738 | N9: 63.339182 | O9: 68.224253 | P9: 63.42851 | Q9: 66.31593 | R9: 63.590634 | S9: 69.919741 | T9: 62.938087 | U9: 63.432547 | V9: 71.080977 | W9: 64.362993 | X9: 61.047069 | Y9: 68.229767 | Z9: =E9-G9 -> -0.4403675 | AA9: =H9-J9 -> 3.091876 | AB9: =K9-M9 -> 2.2297341 | AC9: =N9-P9 -> -0.089328442 | AD9: =Q9-S9 -> -3.6038106 | AE9: =T9-V9 -> -8.1428901 | AF9: =W9-Y9 -> -3.8667738 | AG9: =E9-F9 -> 4.0824571 | AH9: =F9-G9 -> -4.5228246 | AI9: =K9-L9 -> 1.9115847 | AJ9: =N9-O9 -> -4.8850712 | AK9: =Q9-R9 -> 2.7252963 | AL9: =T9-U9 -> -0.49446006 | AM9: =W9-X9 -> 3.3159243 | AN9: =IF(AF9<-2,C9,IF(AE9<-2,C9,"")) -> BI-RUI-001LD | AO9: =IF(AM9<-2,C9,IF(AL9<-2,C9,"")) | AP9: BI-RUI-008LD | AS9: BI-RUI-006LD | AV9: BI-RUI-007LD
A10: 312 | B10: julio | C10: BI-RUI-001LD | E10: 63.040529 | F10: 60.750734 | G10: 61.745717 | H10: 62.157049 | I10: 61.731882 | J10: 62.849265 | K10: 63.722154 | L10: 62.30274 | M10: 60.092869 | N10: 64.201856 | O10: 63.345898 | P10: 62.448215 | Q10: 64.821695 | R10: 63.262095 | S10: 65.334879 | T10: 61.951915 | U10: 60.85273 | V10: 63.221484 | W10: 60.789284 | X10: 61.425659 | Y10: 59.85832 | Z10: =E10-G10 -> 1.2948111 | AA10: =H10-J10 -> -0.69221583 | AB10: =K10-M10 -> 3.6292846 | AC10: =N10-P10 -> 1.7536412 | AD10: =Q10-S10 -> -0.51318451 | AE10: =T10-V10 -> -1.2695687 | AF10: =W10-Y10 -> 0.93096422 | AG10: =E10-F10 -> 2.2897944 | AH10: =F10-G10 -> -0.99498336 | AI10: =K10-L10 -> 1.4194141 | AJ10: =N10-O10 -> 0.85595862 | AK10: =Q10-R10 -> 1.5596001 | AL10: =T10-U10 -> 1.0991852 | AM10: =W10-X10 -> -0.63637505 | AN10: =IF(AF10<-2,C10,IF(AE10<-2,C10,"")) | AO10: =IF(AM10<-2,C10,IF(AL10<-2,C10,"")) | AP10: BI-RUI-010LD | AS10: BI-RUI-007LD | AV10: BI-RUI-008LD
A11: 63 | B11: agosto | C11: BI-RUI-001LD | E11: 62.745425 | F11: 61.710984 | G11: 60.100114 | H11: 62.882507 | I11: 60.861708 | J11: 61.328807 | K11: 63.262384 | L11: 60.989646 | M11: 61.528371 | N11: 64.063435 | O11: 62.623344 | P11: 60.678892 | Q11: 62.87886 | R11: 61.596343 | S11: 60.790567 | T11: 61.584777 | U11: 66.219949 | V11: 60.719522 | W11: 60.388788 | X11: 63.942898 | Y11: 61.643012 | Z11: =E11-G11 -> 2.645311 | AA11: =H11-J11 -> 1.5536999 | AB11: =K11-M11 -> 1.7340133 | AC11: =N11-P11 -> 3.3845426 | AD11: =Q11-S11 -> 2.0882939 | AE11: =T11-V11 -> 0.86525573 | AF11: =W11-Y11 -> -1.2542245 | AG11: =E11-F11 -> 1.0344408 | AH11: =F11-G11 -> 1.6108703 | AI11: =K11-L11 -> 2.2727375 | AJ11: =N11-O11 -> 1.4400907 | AK11: =Q11-R11 -> 1.2825178 | AL11: =T11-U11 -> -4.6351713 | AM11: =W11-X11 -> -3.5541101 | AN11: =IF(AF11<-2,C11,IF(AE11<-2,C11,"")) | AO11: =IF(AM11<-2,C11,IF(AL11<-2,C11,"")) -> BI-RUI-001LD | AP11: BI-RUI-015LD | AS11: BI-RUI-008LD | AV11: BI-RUI-009LD
A12: 687 | B12: septiembre | C12: BI-RUI-001LD | E12: 63.540125 | F12: 61.130769 | G12: 62.599697 | H12: 62.593602 | I12: 60.915162 | J12: 62.226171 | K12: 63.165486 | L12: 61.198379 | M12: 58.857458 | N12: 64.201542 | O12: 62.841555 | P12: 68.552497 | Q12: 66.437555 | R12: 63.862222 | S12: 67.876653 | T12: 61.013411 | U12: 61.138157 | V12: 67.882189 | W12: 61.48258 | X12: 62.242349 | Y12: 65.501635 | Z12: =E12-G12 -> 0.94042773 | AA12: =H12-J12 -> 0.36743066 | AB12: =K12-M12 -> 4.3080278 | AC12: =N12-P12 -> -4.3509545 | AD12: =Q12-S12 -> -1.4390978 | AE12: =T12-V12 -> -6.8687782 | AF12: =W12-Y12 -> -4.0190549 | AG12: =E12-F12 -> 2.4093559 | AH12: =F12-G12 -> -1.4689281 | AI12: =K12-L12 -> 1.967107 | AJ12: =N12-O12 -> 1.3599868 | AK12: =Q12-R12 -> 2.575333 | AL12: =T12-U12 -> -0.12474605 | AM12: =W12-X12 -> -0.75976927 | AN12: =IF(AF12<-2,C12,IF(AE12<-2,C12,"")) -> BI-RUI-001LD | AO12: =IF(AM12<-2,C12,IF(AL12<-2,C12,"")) | AP12: BI-RUI-016LD | AS12: BI-RUI-009LD | AV12: BI-RUI-010LD
A13: 625 | B13: octubre | C13: BI-RUI-001LD | E13: 62.497209 | F13: 61.921207 | G13: 60.798772 | H13: 64.093417 | I13: 61.342728 | J13: 60.931889 | K13: 65.287561 | L13: 60.559798 | M13: 67.547626 | N13: 65.066084 | O13: 61.011945 | P13: 66.968411 | Q13: 66.847043 | R13: 63.281344 | S13: 69.488448 | T13: 62.39244 | U13: 65.916641 | V13: 70.98869 | W13: 62.548712 | X13: 59.724336 | Y13: 69.740683 | Z13: =E13-G13 -> 1.6984368 | AA13: =H13-J13 -> 3.1615286 | AB13: =K13-M13 -> -2.2600648 | AC13: =N13-P13 -> -1.9023273 | AD13: =Q13-S13 -> -2.6414052 | AE13: =T13-V13 -> -8.5962499 | AF13: =W13-Y13 -> -7.1919716 | AG13: =E13-F13 -> 0.57600214 | AH13: =F13-G13 -> 1.1224347 | AI13: =K13-L13 -> 4.7277633 | AJ13: =N13-O13 -> 4.0541387 | AK13: =Q13-R13 -> 3.5656991 | AL13: =T13-U13 -> -3.5242005 | AM13: =W13-X13 -> 2.8243755 | AN13: =IF(AF13<-2,C13,IF(AE13<-2,C13,"")) -> BI-RUI-001LD | AO13: =IF(AM13<-2,C13,IF(AL13<-2,C13,"")) -> BI-RUI-001LD | AP13: BI-RUI-017LD | AS13: BI-RUI-010LD | AV13: BI-RUI-011LD
A14: 564 | B14: noviembre | C14: BI-RUI-001LD | E14: 64.093063 | F14: 61.045177 | G14: 60.523574 | H14: 63.690975 | I14: 63.082605 | J14: 61.459496 | K14: 62.313455 | L14: 61.303862 | M14: 61.562084 | N14: 63.248242 | O14: 61.249189 | P14: 62.783463 | Q14: 66.29722 | R14: 62.54308 | S14: 68.473099 | T14: 63.156178 | U14: 63.669228 | V14: 70.28848 | W14: 62.845805 | X14: 59.450646 | Y14: 68.76481 | Z14: =E14-G14 -> 3.5694889 | AA14: =H14-J14 -> 2.2314794 | AB14: =K14-M14 -> 0.75137153 | AC14: =N14-P14 -> 0.46477837 | AD14: =Q14-S14 -> -2.1758788 | AE14: =T14-V14 -> -7.1323015 | AF14: =W14-Y14 -> -5.919005 | AG14: =E14-F14 -> 3.0478855 | AH14: =F14-G14 -> 0.52160342 | AI14: =K14-L14 -> 1.0095936 | AJ14: =N14-O14 -> 1.999053 | AK14: =Q14-R14 -> 3.7541405 | AL14: =T14-U14 -> -0.51304995 | AM14: =W14-X14 -> 3.3951584 | AN14: =IF(AF14<-2,C14,IF(AE14<-2,C14,"")) -> BI-RUI-001LD | AO14: =IF(AM14<-2,C14,IF(AL14<-2,C14,"")) | AP14: BI-RUI-020LD | AS14: BI-RUI-011LD | AV14: BI-RUI-013LD
A15: 126 | B15: diciembre | C15: BI-RUI-001LD | E15: 63.684734 | F15: 62.7847 | G15: 65.70116 | H15: 64.827418 | I15: 61.422633 | J15: 66.827531 | K15: 66.494323 | L15: 61.346406 | M15: 68.002551 | N15: 63.464968 | O15: 61.292407 | P15: 67.703661 | Q15: 65.882814 | R15: 62.698584 | S15: 70.079862 | T15: 62.540571 | U15: 61.552031 | V15: 70.396716 | W15: 61.596487 | X15: 60.427748 | Y15: 68.25507 | Z15: =E15-G15 -> -2.0164265 | AA15: =H15-J15 -> -2.0001128 | AB15: =K15-M15 -> -1.5082284 | AC15: =N15-P15 -> -4.2386925 | AD15: =Q15-S15 -> -4.1970482 | AE15: =T15-V15 -> -7.8561445 | AF15: =W15-Y15 -> -6.6585824 | AG15: =E15-F15 -> 0.90003407 | AH15: =F15-G15 -> -2.9164606 | AI15: =K15-L15 -> 5.1479166 | AJ15: =N15-O15 -> 2.1725616 | AK15: =Q15-R15 -> 3.1842299 | AL15: =T15-U15 -> 0.98854074 | AM15: =W15-X15 -> 1.1687397 | AN15: =IF(AF15<-2,C15,IF(AE15<-2,C15,"")) -> BI-RUI-001LD | AO15: =IF(AM15<-2,C15,IF(AL15<-2,C15,"")) | AP15: BI-RUI-021LD | AS15: BI-RUI-013LD | AV15: BI-RUI-015LD
A16: 188 | B16: enero | C16: BI-RUI-004LD | D16: Pza. Unamuno (CV) | E16: 64.761589 | F16: 68.213921 | G16: 57.532225 | H16: 65.512992 | I16: 68.220893 | J16: 58.311112 | K16: 65.533029 | L16: 68.696078 | M16: 58.556881 | N16: 67.491971 | O16: 70.533081 | P16: 59.212971 | Q16: 65.795243 | R16: 70.460899 | S16: 62.016644 | T16: 68.238413 | U16: 71.796387 | V16: 64.678841 | W16: 66.520586 | X16: 65.713852 | Y16: 66.637768 | Z16: =E16-G16 -> 7.2293638 | AA16: =H16-J16 -> 7.2018802 | AB16: =K16-M16 -> 6.9761482 | AC16: =N16-P16 -> 8.2790004 | AD16: =Q16-S16 -> 3.7785997 | AE16: =T16-V16 -> 3.5595712 | AF16: =W16-Y16 -> -0.11718233 | AG16: =E16-F16 -> -3.4523315 | AH16: =F16-G16 -> 10.681695 | AI16: =K16-L16 -> -3.1630488 | AJ16: =N16-O16 -> -3.0411095 | AK16: =Q16-R16 -> -4.6656553 | AL16: =T16-U16 -> -3.5579743 | AM16: =W16-X16 -> 0.80673414 | AN16: =IF(AF16<-2,C16,IF(AE16<-2,C16,"")) | AO16: =IF(AM16<-2,C16,IF(AL16<-2,C16,"")) -> BI-RUI-004LD | AP16: BI-RUI-022LD | AS16: BI-RUI-015LD | AV16: BI-RUI-016LD
A17: 251 | B17: febrero | C17: BI-RUI-004LD | E17: 66.446593 | F17: 66.404902 | G17: 56.937056 | H17: 65.276917 | I17: 66.900307 | J17: 56.288716 | K17: 65.709661 | L17: 67.254606 | M17: 57.710527 | N17: 65.40433 | O17: 69.248019 | P17: 58.969284 | Q17: 69.050071 | R17: 72.360116 | S17: 61.428105 | T17: 71.037982 | U17: 74.908589 | V17: 65.579957 | W17: 68.75923 | X17: 67.073075 | Y17: 66.292757 | Z17: =E17-G17 -> 9.5095366 | AA17: =H17-J17 -> 8.9882016 | AB17: =K17-M17 -> 7.9991332 | AC17: =N17-P17 -> 6.4350463 | AD17: =Q17-S17 -> 7.6219655 | AE17: =T17-V17 -> 5.4580249 | AF17: =W17-Y17 -> 2.4664732 | AG17: =E17-F17 -> 0.04169128 | AH17: =F17-G17 -> 9.4678454 | AI17: =K17-L17 -> -1.5449453 | AJ17: =N17-O17 -> -3.8436887 | AK17: =Q17-R17 -> -3.310045 | AL17: =T17-U17 -> -3.8706069 | AM17: =W17-X17 -> 1.6861552 | AN17: =IF(AF17<-2,C17,IF(AE17<-2,C17,"")) | AO17: =IF(AM17<-2,C17,IF(AL17<-2,C17,"")) -> BI-RUI-004LD | AP17: BI-RUI-023LD | AS17: BI-RUI-016LD | AV17: BI-RUI-017LD
A18: 439 | B18: marzo | C18: BI-RUI-004LD | E18: 67.676599 | F18: 65.61431 | G18: 57.027094 | H18: 67.718689 | I18: 67.544187 | J18: 56.64305 | K18: 68.458269 | L18: 68.609381 | M18: 56.962344 | N18: 67.522653 | O18: 69.187349 | P18: 59.127803 | Q18: 69.144884 | R18: 71.712842 | S18: 61.935353 | T18: 69.687961 | U18: 72.797538 | V18: 65.411172 | W18: 68.768498 | X18: 66.485183 | Y18: 63.950869 | Z18: =E18-G18 -> 10.649505 | AA18: =H18-J18 -> 11.075639 | AB18: =K18-M18 -> 11.495925 | AC18: =N18-P18 -> 8.3948504 | AD18: =Q18-S18 -> 7.2095312 | AE18: =T18-V18 -> 4.2767897 | AF18: =W18-Y18 -> 4.8176294 | AG18: =E18-F18 -> 2.0622893 | AH18: =F18-G18 -> 8.587216 | AI18: =K18-L18 -> -0.15111184 | AJ18: =N18-O18 -> -1.6646954 | AK18: =Q18-R18 -> -2.5679581 | AL18: =T18-U18 -> -3.1095765 | AM18: =W18-X18 -> 2.2833148 | AN18: =IF(AF18<-2,C18,IF(AE18<-2,C18,"")) | AO18: =IF(AM18<-2,C18,IF(AL18<-2,C18,"")) -> BI-RUI-004LD | AP18: BI-RUI-025LD | AS18: BI-RUI-017LD | AV18: BI-RUI-019LD
A19: 1 | B19: abril | C19: BI-RUI-004LD | E19: 69.018845 | F19: 68.091628 | G19: 59.217068 | H19: 69.047851 | I19: 68.613175 | J19: 57.353666 | K19: 66.391025 | L19: 70.05673 | M19: 59.228974 | N19: 66.84793 | O19: 71.276674 | P19: 60.763876 | Q19: 68.243687 | R19: 72.303599 | S19: 63.403631 | T19: 71.208768 | U19: 73.222843 | V19: 64.78724 | W19: 67.848316 | X19: 68.988711 | Y19: 64.606171 | Z19: =E19-G19 -> 9.8017768 | AA19: =H19-J19 -> 11.694184 | AB19: =K19-M19 -> 7.1620511 | AC19: =N19-P19 -> 6.0840541 | AD19: =Q19-S19 -> 4.840056 | AE19: =T19-V19 -> 6.4215274 | AF19: =W19-Y19 -> 3.2421456 | AG19: =E19-F19 -> 0.92721669 | AH19: =F19-G19 -> 8.8745602 | AI19: =K19-L19 -> -3.6657048 | AJ19: =N19-O19 -> -4.428744 | AK19: =Q19-R19 -> -4.0599116 | AL19: =T19-U19 -> -2.0140753 | AM19: =W19-X19 -> -1.1403944 | AN19: =IF(AF19<-2,C19,IF(AE19<-2,C19,"")) | AO19: =IF(AM19<-2,C19,IF(AL19<-2,C19,"")) -> BI-RUI-004LD | AP19: BI-RUI-BR15LD | AS19: BI-RUI-020LD | AV19: BI-RUI-020LD
A20: 502 | B20: mayo | C20: BI-RUI-004LD | E20: 68.06413 | F20: 69.387554 | G20: 60.106318 | H20: 67.443766 | I20: 67.942824 | J20: 58.637974 | K20: 66.944019 | L20: 69.501999 | M20: 58.670231 | N20: 66.769346 | O20: 68.280795 | P20: 59.300737 | Q20: 69.304972 | R20: 71.87118 | S20: 62.400186 | T20: 68.597063 | U20: 73.183896 | V20: 66.410921 | W20: 67.791881 | X20: 68.68344 | Y20: 65.458408 | Z20: =E20-G20 -> 7.9578119 | AA20: =H20-J20 -> 8.8057925 | AB20: =K20-M20 -> 8.2737882 | AC20: =N20-P20 -> 7.4686087 | AD20: =Q20-S20 -> 6.9047861 | AE20: =T20-V20 -> 2.1861411 | AF20: =W20-Y20 -> 2.3334734 | AG20: =E20-F20 -> -1.3234237 | AH20: =F20-G20 -> 9.2812357 | AI20: =K20-L20 -> -2.55798 | AJ20: =N20-O20 -> -1.5114491 | AK20: =Q20-R20 -> -2.5662077 | AL20: =T20-U20 -> -4.5868333 | AM20: =W20-X20 -> -0.89155833 | AN20: =IF(AF20<-2,C20,IF(AE20<-2,C20,"")) | AO20: =IF(AM20<-2,C20,IF(AL20<-2,C20,"")) -> BI-RUI-004LD | AP20: BI-RUI-BR1LD | AS20: BI-RUI-021LD | AV20: BI-RUI-021LD
A21: 376 | B21: junio | C21: BI-RUI-004LD | E21: 67.936733 | F21: 68.264736 | G21: 59.44396 | H21: 67.902285 | I21: 70.273719 | J21: 60.326036 | K21: 68.25729 | L21: 71.231871 | M21: 59.927718 | N21: 67.556618 | O21: 71.864829 | P21: 61.044915 | Q21: 68.621382 | R21: 73.75081 | S21: 63.852185 | T21: 70.279963 | U21: 72.703325 | V21: 66.309543 | W21: 68.561027 | X21: 67.586943 | Y21: 66.31065 | Z21: =E21-G21 -> 8.4927736 | AA21: =H21-J21 -> 7.5762486 | AB21: =K21-M21 -> 8.3295719 | AC21: =N21-P21 -> 6.5117029 | AD21: =Q21-S21 -> 4.7691971 | AE21: =T21-V21 -> 3.9704197 | AF21: =W21-Y21 -> 2.2503773 | AG21: =E21-F21 -> -0.32800259 | AH21: =F21-G21 -> 8.8207762 | AI21: =K21-L21 -> -2.9745803 | AJ21: =N21-O21 -> -4.3082112 | AK21: =Q21-R21 -> -5.1294276 | AL21: =T21-U21 -> -2.4233623 | AM21: =W21-X21 -> 0.97408432 | AN21: =IF(AF21<-2,C21,IF(AE21<-2,C21,"")) | AO21: =IF(AM21<-2,C21,IF(AL21<-2,C21,"")) -> BI-RUI-004LD | AP21: BI-RUI-BR2LD | AS21: BI-RUI-022LD | AV21: BI-RUI-022LD
A22: 313 | B22: julio | C22: BI-RUI-004LD | E22: 65.590897 | F22: 68.448254 | G22: 60.498929 | H22: 66.126974 | I22: 68.953812 | J22: 59.89151 | K22: 68.310729 | L22: 71.128698 | M22: 60.469588 | N22: 66.191658 | O22: 70.296364 | P22: 61.483952 | Q22: 66.777348 | R22: 70.719103 | S22: 62.479627 | T22: 67.648677 | U22: 73.200122 | V22: 66.867847 | W22: 66.744897 | X22: 70.152624 | Y22: 66.07259 | Z22: =E22-G22 -> 5.091968 | AA22: =H22-J22 -> 6.2354641 | AB22: =K22-M22 -> 7.841141 | AC22: =N22-P22 -> 4.7077056 | AD22: =Q22-S22 -> 4.2977215 | AE22: =T22-V22 -> 0.78082995 | AF22: =W22-Y22 -> 0.67230736 | AG22: =E22-F22 -> -2.8573575 | AH22: =F22-G22 -> 7.9493255 | AI22: =K22-L22 -> -2.817969 | AJ22: =N22-O22 -> -4.1047066 | AK22: =Q22-R22 -> -3.9417545 | AL22: =T22-U22 -> -5.5514451 | AM22: =W22-X22 -> -3.407727 | AN22: =IF(AF22<-2,C22,IF(AE22<-2,C22,"")) | AO22: =IF(AM22<-2,C22,IF(AL22<-2,C22,"")) -> BI-RUI-004LD | AP22: BI-RUI-BR5LD | AS22: BI-RUI-023LD | AV22: BI-RUI-023LD
A23: 64 | B23: agosto | C23: BI-RUI-004LD | E23: 67.211619 | F23: 74.627459 | G23: 65.339525 | H23: 67.922522 | I23: 71.900283 | J23: 64.975718 | K23: 67.891207 | L23: 70.510969 | M23: 64.905093 | N23: 68.539866 | O23: 78.657881 | P23: 66.896692 | Q23: 70.78965 | R23: 75.611844 | S23: 68.834583 | T23: 71.70931 | U23: 74.92972 | V23: 69.187354 | W23: 71.184442 | X23: 71.171061 | Y23: 69.852775 | Z23: =E23-G23 -> 1.8720942 | AA23: =H23-J23 -> 2.9468041 | AB23: =K23-M23 -> 2.9861142 | AC23: =N23-P23 -> 1.6431744 | AD23: =Q23-S23 -> 1.9550668 | AE23: =T23-V23 -> 2.5219554 | AF23: =W23-Y23 -> 1.3316667 | AG23: =E23-F23 -> -7.41584 | AH23: =F23-G23 -> 9.2879343 | AI23: =K23-L23 -> -2.6197613 | AJ23: =N23-O23 -> -10.118015 | AK23: =Q23-R23 -> -4.8221942 | AL23: =T23-U23 -> -3.2204109 | AM23: =W23-X23 -> 0.013380706 | AN23: =IF(AF23<-2,C23,IF(AE23<-2,C23,"")) | AO23: =IF(AM23<-2,C23,IF(AL23<-2,C23,"")) -> BI-RUI-004LD | AP23: BI-RUI-BR8LD | AS23: BI-RUI-025LD | AV23: BI-RUI-025LD
A24: 688 | B24: septiembre | C24: BI-RUI-004LD | E24: 64.929476 | F24: 68.115162 | G24: 61.990691 | H24: 65.23248 | I24: 68.678352 | J24: 63.077197 | K24: 66.10992 | L24: 69.537016 | M24: 63.734144 | N24: 65.404049 | O24: 68.675446 | P24: 60.636404 | Q24: 65.97585 | R24: 71.429843 | S24: 62.341191 | T24: 66.345659 | U24: 72.214658 | V24: 66.837168 | W24: 65.015259 | X24: 67.92196 | Y24: 65.242807 | Z24: =E24-G24 -> 2.9387854 | AA24: =H24-J24 -> 2.1552838 | AB24: =K24-M24 -> 2.375776 | AC24: =N24-P24 -> 4.7676447 | AD24: =Q24-S24 -> 3.6346595 | AE24: =T24-V24 -> -0.49150979 | AF24: =W24-Y24 -> -0.22754787 | AG24: =E24-F24 -> -3.1856858 | AH24: =F24-G24 -> 6.1244712 | AI24: =K24-L24 -> -3.4270959 | AJ24: =N24-O24 -> -3.2713968 | AK24: =Q24-R24 -> -5.4539925 | AL24: =T24-U24 -> -5.8689999 | AM24: =W24-X24 -> -2.9067016 | AN24: =IF(AF24<-2,C24,IF(AE24<-2,C24,"")) | AO24: =IF(AM24<-2,C24,IF(AL24<-2,C24,"")) -> BI-RUI-004LD | AP24: BI-RUI-C001LD | AS24: BI-RUI-BR11LD | AV24: BI-RUI-BR11LD
A25: 626 | B25: octubre | C25: BI-RUI-004LD | E25: 66.259685 | F25: 68.623017 | G25: 59.296636 | H25: 65.787641 | I25: 72.224923 | J25: 61.052091 | K25: 66.765208 | L25: 70.440434 | M25: 62.221725 | N25: 67.621152 | O25: 71.759474 | P25: 62.271312 | Q25: 67.890343 | R25: 73.459642 | S25: 63.343895 | T25: 69.991571 | U25: 73.908388 | V25: 66.105256 | W25: 68.291192 | X25: 68.302838 | Y25: 66.299142 | Z25: =E25-G25 -> 6.9630483 | AA25: =H25-J25 -> 4.7355495 | AB25: =K25-M25 -> 4.5434821 | AC25: =N25-P25 -> 5.34984 | AD25: =Q25-S25 -> 4.5464481 | AE25: =T25-V25 -> 3.8863149 | AF25: =W25-Y25 -> 1.9920502 | AG25: =E25-F25 -> -2.3633323 | AH25: =F25-G25 -> 9.3263806 | AI25: =K25-L25 -> -3.675226 | AJ25: =N25-O25 -> -4.1383224 | AK25: =Q25-R25 -> -5.5692992 | AL25: =T25-U25 -> -3.9168172 | AM25: =W25-X25 -> -0.011645984 | AN25: =IF(AF25<-2,C25,IF(AE25<-2,C25,"")) | AO25: =IF(AM25<-2,C25,IF(AL25<-2,C25,"")) -> BI-RUI-004LD | AP25: BI-RUI-C002LD | AS25: BI-RUI-BR15LD | AV25: BI-RUI-BR15LD
A26: 565 | B26: noviembre | C26: BI-RUI-004LD | E26: 68.471143 | F26: 65.198854 | G26: 69.389389 | H26: 67.710145 | I26: 65.539172 | J26: 61.3345 | K26: 68.562038 | L26: 69.597474 | M26: 57.759757 | N26: 68.559693 | O26: 68.313703 | P26: 58.497897 | Q26: 68.422891 | R26: 70.917175 | S26: 62.06357 | T26: 70.02842 | U26: 73.27566 | V26: 65.599062 | W26: 67.872365 | X26: 67.464381 | Y26: 67.324874 | Z26: =E26-G26 -> -0.91824538 | AA26: =H26-J26 -> 6.375645 | AB26: =K26-M26 -> 10.802281 | AC26: =N26-P26 -> 10.061796 | AD26: =Q26-S26 -> 6.3593205 | AE26: =T26-V26 -> 4.429358 | AF26: =W26-Y26 -> 0.54749024 | AG26: =E26-F26 -> 3.2722889 | AH26: =F26-G26 -> -4.1905343 | AI26: =K26-L26 -> -1.035436 | AJ26: =N26-O26 -> 0.24599022 | AK26: =Q26-R26 -> -2.4942847 | AL26: =T26-U26 -> -3.2472408 | AM26: =W26-X26 -> 0.40798303 | AN26: =IF(AF26<-2,C26,IF(AE26<-2,C26,"")) | AO26: =IF(AM26<-2,C26,IF(AL26<-2,C26,"")) -> BI-RUI-004LD | AP26: BI-RUI-C003LD | AS26: BI-RUI-BR1LD | AV26: BI-RUI-BR1LD
A27: 127 | B27: diciembre | C27: BI-RUI-004LD | E27: 65.349447 | F27: 70.099951 | G27: 58.013608 | H27: 68.220762 | I27: 70.627137 | J27: 58.987714 | K27: 70.870074 | L27: 73.808482 | M27: 63.054437 | N27: 68.332301 | O27: 70.289649 | P27: 63.357557 | Q27: 68.116769 | R27: 74.506532 | S27: 64.174142 | T27: 69.614294 | U27: 74.607286 | V27: 66.058134 | W27: 67.776911 | X27: 68.830741 | Y27: 64.462485 | Z27: =E27-G27 -> 7.3358399 | AA27: =H27-J27 -> 9.233048 | AB27: =K27-M27 -> 7.8156377 | AC27: =N27-P27 -> 4.9747439 | AD27: =Q27-S27 -> 3.9426274 | AE27: =T27-V27 -> 3.55616 | AF27: =W27-Y27 -> 3.3144256 | AG27: =E27-F27 -> -4.7505036 | AH27: =F27-G27 -> 12.086343 | AI27: =K27-L27 -> -2.9384083 | AJ27: =N27-O27 -> -1.9573478 | AK27: =Q27-R27 -> -6.3897627 | AL27: =T27-U27 -> -4.9929912 | AM27: =W27-X27 -> -1.05383 | AN27: =IF(AF27<-2,C27,IF(AE27<-2,C27,"")) | AO27: =IF(AM27<-2,C27,IF(AL27<-2,C27,"")) -> BI-RUI-004LD | AP27: BI-RUI-C004LD | AS27: BI-RUI-BR2LD | AV27: BI-RUI-BR2LD
A28: 189 | B28: enero | C28: BI-RUI-005LD | D28: María Muñoz (CV) | E28: 68.450649 | F28: 67.225161 | G28: 57.986071 | H28: 68.713532 | I28: 67.315363 | J28: 59.789433 | K28: 68.369754 | L28: 68.412623 | M28: 58.167786 | N28: 67.743005 | O28: 69.064507 | P28: 60.693216 | Q28: 68.563173 | R28: 71.164045 | S28: 64.162464 | T28: 69.692884 | U28: 73.37205 | V28: 66.210847 | W28: 68.70828 | X28: 66.146745 | Y28: 67.277174 | Z28: =E28-G28 -> 10.464578 | AA28: =H28-J28 -> 8.9240987 | AB28: =K28-M28 -> 10.201968 | AC28: =N28-P28 -> 7.0497894 | AD28: =Q28-S28 -> 4.4007094 | AE28: =T28-V28 -> 3.4820363 | AF28: =W28-Y28 -> 1.4311061 | AG28: =E28-F28 -> 1.2254886 | AH28: =F28-G28 -> 9.2390894 | AI28: =K28-L28 -> -0.042868603 | AJ28: =N28-O28 -> -1.3215019 | AK28: =Q28-R28 -> -2.6008718 | AL28: =T28-U28 -> -3.6791661 | AM28: =W28-X28 -> 2.5615349 | AN28: =IF(AF28<-2,C28,IF(AE28<-2,C28,"")) | AO28: =IF(AM28<-2,C28,IF(AL28<-2,C28,"")) -> BI-RUI-005LD | AP28: BI-RUI-C005LD | AS28: BI-RUI-BR5LD | AV28: BI-RUI-BR5LD
A29: 252 | B29: febrero | C29: BI-RUI-005LD | E29: 69.625853 | F29: 67.97252 | G29: 57.727613 | H29: 70.706307 | I29: 68.597047 | J29: 56.312663 | K29: 71.153379 | L29: 68.266934 | M29: 58.262235 | N29: 69.476644 | O29: 71.174269 | P29: 61.118528 | Q29: 69.292508 | R29: 71.700998 | S29: 64.536093 | T29: 70.172912 | U29: 74.483384 | V29: 65.597969 | W29: 68.701458 | X29: 67.532473 | Y29: 66.107296 | Z29: =E29-G29 -> 11.89824 | AA29: =H29-J29 -> 14.393644 | AB29: =K29-M29 -> 12.891144 | AC29: =N29-P29 -> 8.3581159 | AD29: =Q29-S29 -> 4.7564148 | AE29: =T29-V29 -> 4.574943 | AF29: =W29-Y29 -> 2.5941621 | AG29: =E29-F29 -> 1.6533323 | AH29: =F29-G29 -> 10.244907 | AI29: =K29-L29 -> 2.8864451 | AJ29: =N29-O29 -> -1.6976248 | AK29: =Q29-R29 -> -2.4084895 | AL29: =T29-U29 -> -4.3104714 | AM29: =W29-X29 -> 1.1689853 | AN29: =IF(AF29<-2,C29,IF(AE29<-2,C29,"")) | AO29: =IF(AM29<-2,C29,IF(AL29<-2,C29,"")) -> BI-RUI-005LD | AP29: BI-RUI-C006LD | AS29: BI-RUI-BR6LD | AV29: BI-RUI-BR6LD
A30: 440 | B30: marzo | C30: BI-RUI-005LD | E30: 71.22423 | F30: 69.988737 | G30: 59.803384 | H30: 70.791096 | I30: 70.097907 | J30: 59.26516 | K30: 71.115042 | L30: 71.127213 | M30: 59.318543 | N30: 71.157979 | O30: 73.197196 | P30: 62.529582 | Q30: 71.592548 | R30: 74.120272 | S30: 67.275063 | T30: 70.181307 | U30: 74.94726 | V30: 65.974208 | W30: 70.119827 | X30: 67.871048 | Y30: 64.897051 | Z30: =E30-G30 -> 11.420846 | AA30: =H30-J30 -> 11.525935 | AB30: =K30-M30 -> 11.796499 | AC30: =N30-P30 -> 8.6283974 | AD30: =Q30-S30 -> 4.3174847 | AE30: =T30-V30 -> 4.2070992 | AF30: =W30-Y30 -> 5.2227762 | AG30: =E30-F30 -> 1.2354926 | AH30: =F30-G30 -> 10.185353 | AI30: =K30-L30 -> -0.012170725 | AJ30: =N30-O30 -> -2.0392167 | AK30: =Q30-R30 -> -2.5277245 | AL30: =T30-U30 -> -4.7659529 | AM30: =W30-X30 -> 2.2487789 | AN30: =IF(AF30<-2,C30,IF(AE30<-2,C30,"")) | AO30: =IF(AM30<-2,C30,IF(AL30<-2,C30,"")) -> BI-RUI-005LD | AP30: BI-RUI-C008LD | AS30: BI-RUI-BR8LD | AV30: BI-RUI-BR7LD
A31: 2 | B31: abril | C31: BI-RUI-005LD | E31: 69.856573 | F31: 71.054966 | G31: 59.504072 | H31: 71.146393 | I31: 70.597427 | J31: 59.430984 | K31: 70.28582 | L31: 71.631912 | M31: 61.162871 | N31: 71.446854 | O31: 72.512552 | P31: 62.717062 | Q31: 70.117082 | R31: 73.157868 | S31: 65.770906 | T31: 69.993332 | U31: 73.656602 | V31: 66.333839 | W31: 70.820548 | X31: 71.790355 | Y31: 65.017348 | Z31: =E31-G31 -> 10.352502 | AA31: =H31-J31 -> 11.715409 | AB31: =K31-M31 -> 9.1229482 | AC31: =N31-P31 -> 8.7297919 | AD31: =Q31-S31 -> 4.3461761 | AE31: =T31-V31 -> 3.6594931 | AF31: =W31-Y31 -> 5.8031998 | AG31: =E31-F31 -> -1.1983923 | AH31: =F31-G31 -> 11.550894 | AI31: =K31-L31 -> -1.3460927 | AJ31: =N31-O31 -> -1.065698 | AK31: =Q31-R31 -> -3.0407864 | AL31: =T31-U31 -> -3.6632694 | AM31: =W31-X31 -> -0.96980722 | AN31: =IF(AF31<-2,C31,IF(AE31<-2,C31,"")) | AO31: =IF(AM31<-2,C31,IF(AL31<-2,C31,"")) -> BI-RUI-005LD | AP31: BI-RUI-C009LD | AS31: BI-RUI-C001LD | AV31: BI-RUI-BR8LD
A32: 503 | B32: mayo | C32: BI-RUI-005LD | E32: 69.282081 | F32: 70.029325 | G32: 60.341678 | H32: 69.641647 | I32: 70.062532 | J32: 58.37882 | K32: 69.03436 | L32: 71.616653 | M32: 60.04313 | N32: 68.694121 | O32: 70.948849 | P32: 61.083649 | Q32: 70.303159 | R32: 73.504636 | S32: 65.551062 | T32: 71.169157 | U32: 74.74555 | V32: 67.014303 | W32: 69.660936 | X32: 69.557284 | Y32: 65.171316 | Z32: =E32-G32 -> 8.9404029 | AA32: =H32-J32 -> 11.262828 | AB32: =K32-M32 -> 8.9912301 | AC32: =N32-P32 -> 7.6104722 | AD32: =Q32-S32 -> 4.7520966 | AE32: =T32-V32 -> 4.1548532 | AF32: =W32-Y32 -> 4.4896208 | AG32: =E32-F32 -> -0.74724328 | AH32: =F32-G32 -> 9.6876462 | AI32: =K32-L32 -> -2.5822926 | AJ32: =N32-O32 -> -2.2547279 | AK32: =Q32-R32 -> -3.2014777 | AL32: =T32-U32 -> -3.5763933 | AM32: =W32-X32 -> 0.10365269 | AN32: =IF(AF32<-2,C32,IF(AE32<-2,C32,"")) | AO32: =IF(AM32<-2,C32,IF(AL32<-2,C32,"")) -> BI-RUI-005LD | AP32: BI-RUI-C010LD | AS32: BI-RUI-C002LD | AV32: BI-RUI-C001LD
A33: 377 | B33: junio | C33: BI-RUI-005LD | E33: 71.319382 | F33: 70.532668 | G33: 58.952832 | H33: 72.43773 | I33: 70.667619 | J33: 58.808769 | K33: 71.291206 | L33: 72.239241 | M33: 59.720768 | N33: 70.62788 | O33: 72.307161 | P33: 61.028773 | Q33: 70.907194 | R33: 74.761255 | S33: 67.761344 | T33: 70.857286 | U33: 74.56408 | V33: 67.950966 | W33: 70.42971 | X33: 69.973648 | Y33: 65.512807 | Z33: =E33-G33 -> 12.36655 | AA33: =H33-J33 -> 13.628961 | AB33: =K33-M33 -> 11.570438 | AC33: =N33-P33 -> 9.599107 | AD33: =Q33-S33 -> 3.1458503 | AE33: =T33-V33 -> 2.9063192 | AF33: =W33-Y33 -> 4.9169026 | AG33: =E33-F33 -> 0.78671381 | AH33: =F33-G33 -> 11.579836 | AI33: =K33-L33 -> -0.94803546 | AJ33: =N33-O33 -> -1.6792802 | AK33: =Q33-R33 -> -3.8540614 | AL33: =T33-U33 -> -3.7067945 | AM33: =W33-X33 -> 0.4560615 | AN33: =IF(AF33<-2,C33,IF(AE33<-2,C33,"")) | AO33: =IF(AM33<-2,C33,IF(AL33<-2,C33,"")) -> BI-RUI-005LD | AP33: BI-RUI-C011LD | AS33: BI-RUI-C003LD | AV33: BI-RUI-C002LD
A34: 314 | B34: julio | C34: BI-RUI-005LD | E34: 68.120276 | F34: 72.40594 | G34: 60.586245 | H34: 69.011935 | I34: 71.180721 | J34: 60.47464 | K34: 69.178261 | L34: 71.54818 | M34: 61.349136 | N34: 69.651912 | O34: 71.844399 | P34: 61.304628 | Q34: 68.91735 | R34: 73.14139 | S34: 64.368645 | T34: 69.6968 | U34: 73.376975 | V34: 65.515836 | W34: 68.663198 | X34: 69.147592 | Y34: 64.152896 | Z34: =E34-G34 -> 7.5340306 | AA34: =H34-J34 -> 8.5372957 | AB34: =K34-M34 -> 7.8291256 | AC34: =N34-P34 -> 8.3472839 | AD34: =Q34-S34 -> 4.548705 | AE34: =T34-V34 -> 4.1809641 | AF34: =W34-Y34 -> 4.5103026 | AG34: =E34-F34 -> -4.2856642 | AH34: =F34-G34 -> 11.819695 | AI34: =K34-L34 -> -2.3699192 | AJ34: =N34-O34 -> -2.192487 | AK34: =Q34-R34 -> -4.2240401 | AL34: =T34-U34 -> -3.6801748 | AM34: =W34-X34 -> -0.48439408 | AN34: =IF(AF34<-2,C34,IF(AE34<-2,C34,"")) | AO34: =IF(AM34<-2,C34,IF(AL34<-2,C34,"")) -> BI-RUI-005LD | AP34: BI-RUI-C015LD | AS34: BI-RUI-C004LD | AV34: BI-RUI-C003LD
A35: 65 | B35: agosto | C35: BI-RUI-005LD | E35: 69.667231 | F35: 73.254063 | G35: 65.123675 | H35: 70.207091 | I35: 72.800524 | J35: 63.846544 | K35: 70.017804 | L35: 72.966104 | M35: 63.549784 | N35: 71.234442 | O35: 74.685227 | P35: 67.938018 | Q35: 73.117292 | R35: 74.493729 | S35: 68.969756 | T35: 72.547254 | U35: 75.217537 | V35: 68.618192 | W35: 70.828322 | X35: 72.689014 | Y35: 67.334565 | Z35: =E35-G35 -> 4.5435559 | AA35: =H35-J35 -> 6.3605475 | AB35: =K35-M35 -> 6.4680206 | AC35: =N35-P35 -> 3.2964235 | AD35: =Q35-S35 -> 4.147536 | AE35: =T35-V35 -> 3.9290616 | AF35: =W35-Y35 -> 3.4937575 | AG35: =E35-F35 -> -3.5868325 | AH35: =F35-G35 -> 8.1303884 | AI35: =K35-L35 -> -2.9483002 | AJ35: =N35-O35 -> -3.4507852 | AK35: =Q35-R35 -> -1.3764372 | AL35: =T35-U35 -> -2.6702828 | AM35: =W35-X35 -> -1.8606921 | AN35: =IF(AF35<-2,C35,IF(AE35<-2,C35,"")) | AO35: =IF(AM35<-2,C35,IF(AL35<-2,C35,"")) -> BI-RUI-005LD | AP35: BI-RUI-C017LD | AS35: BI-RUI-C005LD | AV35: BI-RUI-C004LD
A36: 689 | B36: septiembre | C36: BI-RUI-005LD | E36: 68.200141 | F36: 71.95328 | G36: 62.919719 | H36: 69.016291 | I36: 71.47686 | J36: 64.03691 | K36: 69.691374 | L36: 71.726417 | M36: 63.319788 | N36: 68.288053 | O36: 72.750838 | P36: 62.984318 | Q36: 68.710184 | R36: 72.70258 | S36: 65.405159 | T36: 69.16152 | U36: 73.765182 | V36: 67.484121 | W36: 68.444981 | X36: 70.952833 | Y36: 65.147553 | Z36: =E36-G36 -> 5.2804218 | AA36: =H36-J36 -> 4.9793815 | AB36: =K36-M36 -> 6.3715864 | AC36: =N36-P36 -> 5.3037357 | AD36: =Q36-S36 -> 3.3050256 | AE36: =T36-V36 -> 1.6773995 | AF36: =W36-Y36 -> 3.2974277 | AG36: =E36-F36 -> -3.7531396 | AH36: =F36-G36 -> 9.0335615 | AI36: =K36-L36 -> -2.035043 | AJ36: =N36-O36 -> -4.462785 | AK36: =Q36-R36 -> -3.9923955 | AL36: =T36-U36 -> -4.6036612 | AM36: =W36-X36 -> -2.507852 | AN36: =IF(AF36<-2,C36,IF(AE36<-2,C36,"")) | AO36: =IF(AM36<-2,C36,IF(AL36<-2,C36,"")) -> BI-RUI-005LD | AP36: BI-RUI-C018LD | AS36: BI-RUI-C006LD | AV36: BI-RUI-C005LD
A37: 627 | B37: octubre | C37: BI-RUI-005LD | E37: 68.667815 | F37: 70.645613 | G37: 61.662311 | H37: 67.886713 | I37: 72.033463 | J37: 63.352327 | K37: 67.738647 | L37: 71.611851 | M37: 63.078905 | N37: 67.814882 | O37: 71.934966 | P37: 64.240663 | Q37: 68.542697 | R37: 74.585616 | S37: 69.121222 | T37: 70.413842 | U37: 74.59721 | V37: 68.002581 | W37: 69.960256 | X37: 70.523392 | Y37: 65.54339 | Z37: =E37-G37 -> 7.0055044 | AA37: =H37-J37 -> 4.5343861 | AB37: =K37-M37 -> 4.6597416 | AC37: =N37-P37 -> 3.5742192 | AD37: =Q37-S37 -> -0.57852433 | AE37: =T37-V37 -> 2.4112611 | AF37: =W37-Y37 -> 4.4168658 | AG37: =E37-F37 -> -1.9777978 | AH37: =F37-G37 -> 8.9833022 | AI37: =K37-L37 -> -3.8732044 | AJ37: =N37-O37 -> -4.1200841 | AK37: =Q37-R37 -> -6.0429181 | AL37: =T37-U37 -> -4.1833673 | AM37: =W37-X37 -> -0.56313556 | AN37: =IF(AF37<-2,C37,IF(AE37<-2,C37,"")) | AO37: =IF(AM37<-2,C37,IF(AL37<-2,C37,"")) -> BI-RUI-005LD | AP37: BI-RUI-C019LD | AS37: BI-RUI-C008LD | AV37: BI-RUI-C006LD
A38: 566 | B38: noviembre | C38: BI-RUI-005LD | E38: 68.177866 | F38: 67.415605 | G38: 57.004803 | H38: 69.641588 | I38: 67.921264 | J38: 61.105463 | K38: 68.894994 | L38: 69.772436 | M38: 59.611482 | N38: 67.897079 | O38: 69.91205 | P38: 61.004528 | Q38: 69.264447 | R38: 72.285006 | S38: 66.05591 | T38: 70.447631 | U38: 73.801092 | V38: 66.371098 | W38: 69.809893 | X38: 69.42853 | Y38: 65.598216 | Z38: =E38-G38 -> 11.173063 | AA38: =H38-J38 -> 8.5361247 | AB38: =K38-M38 -> 9.2835118 | AC38: =N38-P38 -> 6.8925514 | AD38: =Q38-S38 -> 3.2085367 | AE38: =T38-V38 -> 4.0765327 | AF38: =W38-Y38 -> 4.211677 | AG38: =E38-F38 -> 0.76226064 | AH38: =F38-G38 -> 10.410802 | AI38: =K38-L38 -> -0.8774423 | AJ38: =N38-O38 -> -2.0149708 | AK38: =Q38-R38 -> -3.0205591 | AL38: =T38-U38 -> -3.3534617 | AM38: =W38-X38 -> 0.38136265 | AN38: =IF(AF38<-2,C38,IF(AE38<-2,C38,"")) | AO38: =IF(AM38<-2,C38,IF(AL38<-2,C38,"")) -> BI-RUI-005LD | AP38: BI-RUI-C020LD | AS38: BI-RUI-C009LD | AV38: BI-RUI-C008LD
A39: 128 | B39: diciembre | C39: BI-RUI-005LD | E39: 69.278028 | F39: 70.245261 | G39: 59.606869 | H39: 71.850853 | I39: 69.922121 | J39: 59.550862 | K39: 71.371591 | L39: 74.057862 | M39: 64.214244 | N39: 69.642043 | O39: 70.598701 | P39: 66.429196 | Q39: 69.300193 | R39: 73.763025 | S39: 65.218505 | T39: 70.433627 | U39: 73.155502 | V39: 65.41615 | W39: 69.282664 | X39: 67.95395 | Y39: 63.669842 | Z39: =E39-G39 -> 9.6711588 | AA39: =H39-J39 -> 12.299992 | AB39: =K39-M39 -> 7.1573464 | AC39: =N39-P39 -> 3.212847 | AD39: =Q39-S39 -> 4.0816888 | AE39: =T39-V39 -> 5.0174764 | AF39: =W39-Y39 -> 5.6128225 | AG39: =E39-F39 -> -0.96723256 | AH39: =F39-G39 -> 10.638391 | AI39: =K39-L39 -> -2.6862713 | AJ39: =N39-O39 -> -0.95665754 | AK39: =Q39-R39 -> -4.4628318 | AL39: =T39-U39 -> -2.7218751 | AM39: =W39-X39 -> 1.3287139 | AN39: =IF(AF39<-2,C39,IF(AE39<-2,C39,"")) | AO39: =IF(AM39<-2,C39,IF(AL39<-2,C39,"")) -> BI-RUI-005LD | AP39: BI-RUI-C021LD | AS39: BI-RUI-C010LD | AV39: BI-RUI-C009LD
A40: 190 | B40: enero | C40: BI-RUI-006LD | E40: 61.840568 | F40: 62.126638 | G40: 60.219104 | H40: 61.517923 | I40: 62.248047 | J40: 59.880225 | K40: 61.636335 | L40: 61.89615 | M40: 59.284186 | N40: 62.936762 | O40: 68.107961 | P40: 64.473125 | Q40: 63.481404 | R40: 72.672976 | S40: 70.765445 | T40: 65.776969 | U40: 76.424668 | V40: 75.263204 | W40: 68.080727 | X40: 63.679566 | Y40: 75.149821 | Z40: =E40-G40 -> 1.6214631 | AA40: =H40-J40 -> 1.6376981 | AB40: =K40-M40 -> 2.3521494 | AC40: =N40-P40 -> -1.5363624 | AD40: =Q40-S40 -> -7.284041 | AE40: =T40-V40 -> -9.4862353 | AF40: =W40-Y40 -> -7.0690941 | AG40: =E40-F40 -> -0.28607024 | AH40: =F40-G40 -> 1.9075334 | AI40: =K40-L40 -> -0.25981513 | AJ40: =N40-O40 -> -5.1711987 | AK40: =Q40-R40 -> -9.1915724 | AL40: =T40-U40 -> -10.647699 | AM40: =W40-X40 -> 4.4011609 | AN40: =IF(AF40<-2,C40,IF(AE40<-2,C40,"")) -> BI-RUI-006LD | AO40: =IF(AM40<-2,C40,IF(AL40<-2,C40,"")) -> BI-RUI-006LD | AP40: BI-RUI-C022LD | AS40: BI-RUI-C011LD | AV40: BI-RUI-C010LD
... A49: 628 | B49: octubre | C49: BI-RUI-006LD | E49: 61.308824 | F49: 64.312401 | G49: 60.538527 | H49: 63.677749 | I49: 67.227886 | J49: 63.825407 | K49: 62.430934 | L49: 62.113794 | M49: 69.242081 | N49: 63.701659 | O49: 69.866254 | P49: 64.827342 | Q49: 63.774441 | R49: 74.204108 | S49: 71.404211 | T49: 67.6276 | U49: 77.077505 | V49: 75.778472 | W49: 69.88433 | X49: 70.181714 | Y49: 75.12472 | Z49: =E49-G49 -> 0.77029733 | AA49: =H49-J49 -> -0.14765796 | AB49: =K49-M49 -> -6.811147 | AC49: =N49-P49 -> -1.1256822 | AD49: =Q49-S49 -> -7.6297696 | AE49: =T49-V49 -> -8.1508719 | AF49: =W49-Y49 -> -5.2403893 | AG49: =E49-F49 -> -3.0035771 | AH49: =F49-G49 -> 3.7738745 | AI49: =K49-L49 -> 0.3171405 | AJ49: =N49-O49 -> -6.1645944 | AK49: =Q49-R49 -> -10.429668 | AL49: =T49-U49 -> -9.4499043 | AM49: =W49-X49 -> -0.29738331 | AN49: =IF(AF49<-2,C49,IF(AE49<-2,C49,"")) -> BI-RUI-006LD | AO49: =IF(AM49<-2,C49,IF(AL49<-2,C49,"")) -> BI-RUI-006LD | AP49: BI-RUI-P014LD | AS49: BI-RUI-C031LD | AV49: BI-RUI-C030LD
A50: 567 | B50: noviembre | C50: BI-RUI-006LD | E50: 66.336861 | F50: 60.952857 | G50: 58.685279 | H50: 64.576184 | I50: 63.58993 | J50: 68.016166 | K50: 62.146372 | L50: 61.465858 | M50: 58.41339 | N50: 66.604308 | O50: 67.50588 | P50: 62.413878 | Q50: 66.0002 | R50: 74.481052 | S50: 68.681126 | T50: 68.334445 | U50: 76.975914 | V50: 75.359774 | W50: 68.431748 | X50: 65.646451 | Y50: 74.961909 | Z50: =E50-G50 -> 7.6515823 | AA50: =H50-J50 -> -3.4399819 | AB50: =K50-M50 -> 3.732982 | AC50: =N50-P50 -> 4.19043 | AD50: =Q50-S50 -> -2.6809263 | AE50: =T50-V50 -> -7.0253292 | AF50: =W50-Y50 -> -6.5301606 | AG50: =E50-F50 -> 5.3840047 | AH50: =F50-G50 -> 2.2675777 | AI50: =K50-L50 -> 0.68051449 | AJ50: =N50-O50 -> -0.90157174 | AK50: =Q50-R50 -> -8.4808518 | AL50: =T50-U50 -> -8.6414692 | AM50: =W50-X50 -> 2.7852974 | AN50: =IF(AF50<-2,C50,IF(AE50<-2,C50,"")) -> BI-RUI-006LD | AO50: =IF(AM50<-2,C50,IF(AL50<-2,C50,"")) -> BI-RUI-006LD | AS50: BI-RUI-C032LD | AV50: BI-RUI-C031LD
A51: 129 | B51: diciembre | C51: BI-RUI-006LD | E51: 62.377276 | F51: 62.693901 | G51: 57.978322 | H51: 63.679952 | I51: 62.302261 | J51: 59.717987 | K51: 67.655983 | L51: 72.535429 | M51: 64.034762 | N51: 65.027405 | O51: 69.44506 | P51: 69.604051 | Q51: 62.867084 | R51: 75.789468 | S51: 71.565989 | T51: 68.383843 | U51: 74.871847 | V51: 75.872153 | W51: 66.528222 | X51: 67.729835 | Y51: 74.915182 | Z51: =E51-G51 -> 4.3989531 | AA51: =H51-J51 -> 3.961965 | AB51: =K51-M51 -> 3.6212206 | AC51: =N51-P51 -> -4.5766453 | AD51: =Q51-S51 -> -8.6989054 | AE51: =T51-V51 -> -7.4883098 | AF51: =W51-Y51 -> -8.3869595 | AG51: =E51-F51 -> -0.3166255 | AH51: =F51-G51 -> 4.7155786 | AI51: =K51-L51 -> -4.8794461 | AJ51: =N51-O51 -> -4.4176548 | AK51: =Q51-R51 -> -12.922384 | AL51: =T51-U51 -> -6.4880038 | AM51: =W51-X51 -> -1.2016132 | AN51: =IF(AF51<-2,C51,IF(AE51<-2,C51,"")) -> BI-RUI-006LD | AO51: =IF(AM51<-2,C51,IF(AL51<-2,C51,"")) -> BI-RUI-006LD | AS51: BI-RUI-C033LD | AV51: BI-RUI-C032LD
A52: 191 | B52: enero | C52: BI-RUI-007LD | D52: Av. Madariaga | E52: 67.338003 | F52: 66.191521 | G52: 61.910095 | H52: 67.220021 | I52: 65.56795 | J52: 61.929302 | K52: 66.870358 | L52: 66.030311 | M52: 61.379436 | N52: 67.165016 | O52: 66.642148 | P52: 61.674963 | Q52: 66.598334 | R52: 66.813055 | S52: 62.425295 | T52: 65.208117 | U52: 66.974589 | V52: 63.931193 | W52: 63.954641 | X52: 64.009795 | Y52: 65.806596 | Z52: =E52-G52 -> 5.4279079 | AA52: =H52-J52 -> 5.2907184 | AB52: =K52-M52 -> 5.4909219 | AC52: =N52-P52 -> 5.4900529 | AD52: =Q52-S52 -> 4.1730391 | AE52: =T52-V52 -> 1.2769243 | AF52: =W52-Y52 -> -1.851955 | AG52: =E52-F52 -> 1.1464821 | AH52: =F52-G52 -> 4.2814258 | AI52: =K52-L52 -> 0.84004629 | AJ52: =N52-O52 -> 0.52286775 | AK52: =Q52-R52 -> -0.2147207 | AL52: =T52-U52 -> -1.7664717 | AM52: =W52-X52 -> -0.055153629 | AN52: =IF(AF52<-2,C52,IF(AE52<-2,C52,"")) | AO52: =IF(AM52<-2,C52,IF(AL52<-2,C52,"")) | AS52: BI-RUI-C034LD | AV52: BI-RUI-C033LD
A53: 254 | B53: febrero | C53: BI-RUI-007LD | E53: 66.240155 | F53: 64.489481 | G53: 58.463968 | H53: 66.153824 | I53: 64.886711 | J53: 58.181076 | K53: 67.001921 | L53: 65.470965 | M53: 60.639613 | N53: 67.31939 | O53: 66.159148 | P53: 62.332989 | Q53: 66.58946 | R53: 67.417794 | S53: 61.921265 | T53: 65.432123 | U53: 69.439999 | V53: 64.090675 | W53: 64.365322 | X53: 64.302357 | Y53: 65.65917 | Z53: =E53-G53 -> 7.776187 | AA53: =H53-J53 -> 7.9727479 | AB53: =K53-M53 -> 6.3623073 | AC53: =N53-P53 -> 4.9864008 | AD53: =Q53-S53 -> 4.6681953 | AE53: =T53-V53 -> 1.3414481 | AF53: =W53-Y53 -> -1.2938476 | AG53: =E53-F53 -> 1.7506747 | AH53: =F53-G53 -> 6.0255123 | AI53: =K53-L53 -> 1.5309557 | AJ53: =N53-O53 -> 1.1602416 | AK53: =Q53-R53 -> -0.82833338 | AL53: =T53-U53 -> -4.0078758 | AM53: =W53-X53 -> 0.062965771 | AN53: =IF(AF53<-2,C53,IF(AE53<-2,C53,"")) | AO53: =IF(AM53<-2,C53,IF(AL53<-2,C53,"")) -> BI-RUI-007LD | AS53: BI-RUI-P001LD | AV53: BI-RUI-C034LD
A54: 442 | B54: marzo | C54: BI-RUI-007LD | E54: 67.633795 | F54: 65.366645 | G54: 59.38093 | H54: 67.288523 | I54: 65.441775 | J54: 59.212167 | K54: 66.18107 | L54: 65.567696 | M54: 59.211233 | N54: 66.430443 | O54: 66.722171 | P54: 60.639909 | Q54: 67.018975 | R54: 68.578229 | S54: 63.616428 | T54: 67.301115 | U54: 69.93931 | V54: 66.474059 | W54: 65.332378 | X54: 65.419056 | Y54: 65.804136 | Z54: =E54-G54 -> 8.2528652 | AA54: =H54-J54 -> 8.0763559 | AB54: =K54-M54 -> 6.9698374 | AC54: =N54-P54 -> 5.7905339 | AD54: =Q54-S54 -> 3.4025476 | AE54: =T54-V54 -> 0.82705648 | AF54: =W54-Y54 -> -0.4717581 | AG54: =E54-F54 -> 2.2671501 | AH54: =F54-G54 -> 5.9857152 | AI54: =K54-L54 -> 0.61337428 | AJ54: =N54-O54 -> -0.29172821 | AK54: =Q54-R54 -> -1.5592534 | AL54: =T54-U54 -> -2.6381951 | AM54: =W54-X54 -> -0.086677865 | AN54: =IF(AF54<-2,C54,IF(AE54<-2,C54,"")) | AO54: =IF(AM54<-2,C54,IF(AL54<-2,C54,"")) -> BI-RUI-007LD | AS54: BI-RUI-P002LD | AV54: BI-RUI-P001LD
A55: 4 | B55: abril | C55: BI-RUI-007LD | E55: 65.576938 | F55: 65.430165 | G55: 59.560291 | H55: 66.119419 | I55: 66.225511 | J55: 58.73164 | K55: 66.333735 | L55: 65.910299 | M55: 60.456927 | N55: 65.881009 | O55: 66.050577 | P55: 60.305474 | Q55: 66.123402 | R55: 67.820342 | S55: 63.408042 | T55: 65.300323 | U55: 66.72244 | V55: 63.756834 | W55: 63.663627 | X55: 66.244246 | Y55: 62.795524 | Z55: =E55-G55 -> 6.0166468 | AA55: =H55-J55 -> 7.3877792 | AB55: =K55-M55 -> 5.8768082 | AC55: =N55-P55 -> 5.5755355 | AD55: =Q55-S55 -> 2.71536 | AE55: =T55-V55 -> 1.5434893 | AF55: =W55-Y55 -> 0.86810313 | AG55: =E55-F55 -> 0.14677309 | AH55: =F55-G55 -> 5.8698737 | AI55: =K55-L55 -> 0.42343579 | AJ55: =N55-O55 -> -0.1695676 | AK55: =Q55-R55 -> -1.69694 | AL55: =T55-U55 -> -1.4221164 | AM55: =W55-X55 -> -2.5806197 | AN55: =IF(AF55<-2,C55,IF(AE55<-2,C55,"")) | AO55: =IF(AM55<-2,C55,IF(AL55<-2,C55,"")) -> BI-RUI-007LD | AS55: BI-RUI-P003LD | AV55: BI-RUI-P002LD
A56: 505 | B56: mayo | C56: BI-RUI-007LD | E56: 65.824155 | F56: 65.870464 | G56: 60.361827 | H56: 66.98351 | I56: 65.562835 | J56: 59.71824 | K56: 66.456903 | L56: 66.9681 | M56: 61.122512 | N56: 66.256509 | O56: 66.889881 | P56: 61.518077 | Q56: 66.985188 | R56: 67.712496 | S56: 64.309731 | T56: 65.358301 | U56: 67.993633 | V56: 64.120625 | W56: 64.303566 | X56: 65.643624 | Y56: 62.431666 | Z56: =E56-G56 -> 5.4623284 | AA56: =H56-J56 -> 7.2652707 | AB56: =K56-M56 -> 5.3343904 | AC56: =N56-P56 -> 4.7384325 | AD56: =Q56-S56 -> 2.6754566 | AE56: =T56-V56 -> 1.2376762 | AF56: =W56-Y56 -> 1.8719005 | AG56: =E56-F56 -> -0.046308764 | AH56: =F56-G56 -> 5.5086372 | AI56: =K56-L56 -> -0.51119749 | AJ56: =N56-O56 -> -0.63337194 | AK56: =Q56-R56 -> -0.72730872 | AL56: =T56-U56 -> -2.6353325 | AM56: =W56-X56 -> -1.3400579 | AN56: =IF(AF56<-2,C56,IF(AE56<-2,C56,"")) | AO56: =IF(AM56<-2,C56,IF(AL56<-2,C56,"")) -> BI-RUI-007LD | AS56: BI-RUI-P004LD | AV56: BI-RUI-P003LD
A57: 379 | B57: junio | C57: BI-RUI-007LD | E57: 66.482452 | F57: 64.522595 | G57: 59.261173 | H57: 66.270181 | I57: 66.559223 | J57: 60.450246 | K57: 65.913716 | L57: 66.839575 | M57: 60.529257 | N57: 65.974841 | O57: 67.034744 | P57: 61.663977 | Q57: 66.278994 | R57: 68.549077 | S57: 63.896835 | T57: 64.74006 | U57: 68.367452 | V57: 65.902443 | W57: 64.701171 | X57: 65.439151 | Y57: 63.664933 | Z57: =E57-G57 -> 7.2212799 | AA57: =H57-J57 -> 5.8199353 | AB57: =K57-M57 -> 5.3844589 | AC57: =N57-P57 -> 4.3108642 | AD57: =Q57-S57 -> 2.3821597 | AE57: =T57-V57 -> -1.1623825 | AF57: =W57-Y57 -> 1.0362383 | AG57: =E57-F57 -> 1.959857 | AH57: =F57-G57 -> 5.2614229 | AI57: =K57-L57 -> -0.92585854 | AJ57: =N57-O57 -> -1.0599025 | AK57: =Q57-R57 -> -2.2700824 | AL57: =T57-U57 -> -3.6273919 | AM57: =W57-X57 -> -0.73798063 | AN57: =IF(AF57<-2,C57,IF(AE57<-2,C57,"")) | AO57: =IF(AM57<-2,C57,IF(AL57<-2,C57,"")) -> BI-RUI-007LD | AS57: BI-RUI-P005LD | AV57: BI-RUI-P004LD
A58: 316 | B58: julio | C58: BI-RUI-007LD | E58: 62.833729 | F58: 64.990022 | G58: 57.668312 | H58: 63.676675 | I58: 63.254636 | J58: 57.483659 | K58: 63.99583 | L58: 65.066005 | M58: 58.258903 | N58: 63.116587 | O58: 64.940802 | P58: 59.597189 | Q58: 65.054029 | R58: 65.563426 | S58: 60.629853 | T58: 62.250867 | U58: 62.819959 | V58: 62.664307 | W58: 61.386164 | X58: 62.166029 | Y58: 60.526097 | Z58: =E58-G58 -> 5.1654171 | AA58: =H58-J58 -> 6.1930156 | AB58: =K58-M58 -> 5.7369268 | AC58: =N58-P58 -> 3.5193982 | AD58: =Q58-S58 -> 4.4241754 | AE58: =T58-V58 -> -0.41343981 | AF58: =W58-Y58 -> 0.86006751 | AG58: =E58-F58 -> -2.1562922 | AH58: =F58-G58 -> 7.3217093 | AI58: =K58-L58 -> -1.0701748 | AJ58: =N58-O58 -> -1.8242147 | AK58: =Q58-R58 -> -0.50939771 | AL58: =T58-U58 -> -0.56909152 | AM58: =W58-X58 -> -0.77986487 | AN58: =IF(AF58<-2,C58,IF(AE58<-2,C58,"")) | AO58: =IF(AM58<-2,C58,IF(AL58<-2,C58,"")) | AS58: BI-RUI-P006LD | AV58: BI-RUI-P005LD
A59: 67 | B59: agosto | C59: BI-RUI-007LD | E59: 62.915569 | F59: 62.373326 | G59: 59.784319 | H59: 63.086793 | I59: 62.634133 | J59: 57.840709 | K59: 64.449109 | L59: 63.77378 | M59: 59.732628 | N59: 62.595496 | O59: 63.817677 | P59: 58.8436 | Q59: 62.857822 | R59: 65.394469 | S59: 59.887111 | T59: 61.657665 | U59: 63.264445 | V59: 60.916637 | W59: 60.311711 | X59: 60.42601 | Y59: 60.338396 | Z59: =E59-G59 -> 3.1312495 | AA59: =H59-J59 -> 5.2460835 | AB59: =K59-M59 -> 4.7164811 | AC59: =N59-P59 -> 3.7518954 | AD59: =Q59-S59 -> 2.9707102 | AE59: =T59-V59 -> 0.74102722 | AF59: =W59-Y59 -> -0.026684857 | AG59: =E59-F59 -> 0.54224297 | AH59: =F59-G59 -> 2.5890066 | AI59: =K59-L59 -> 0.67532888 | AJ59: =N59-O59 -> -1.2221815 | AK59: =Q59-R59 -> -2.5366473 | AL59: =T59-U59 -> -1.6067808 | AM59: =W59-X59 -> -0.11429899 | AN59: =IF(AF59<-2,C59,IF(AE59<-2,C59,"")) | AO59: =IF(AM59<-2,C59,IF(AL59<-2,C59,"")) | AS59: BI-RUI-P008LD | AV59: BI-RUI-P006LD
A60: 691 | B60: septiembre | C60: BI-RUI-007LD | E60: 65.955338 | F60: 65.684473 | G60: 61.668464 | H60: 65.796732 | I60: 64.756946 | J60: 60.006491 | K60: 66.340071 | L60: 66.67302 | M60: 60.298983 | N60: 66.509358 | O60: 66.601103 | P60: 59.989992 | Q60: 67.160351 | R60: 68.006009 | S60: 63.092966 | T60: 64.314492 | U60: 66.434047 | V60: 63.608843 | W60: 63.846032 | X60: 64.878527 | Y60: 62.16043 | Z60: =E60-G60 -> 4.2868745 | AA60: =H60-J60 -> 5.7902407 | AB60: =K60-M60 -> 6.0410878 | AC60: =N60-P60 -> 6.519366 | AD60: =Q60-S60 -> 4.0673847 | AE60: =T60-V60 -> 0.70564923 | AF60: =W60-Y60 -> 1.6856017 | AG60: =E60-F60 -> 0.27086492 | AH60: =F60-G60 -> 4.0160096 | AI60: =K60-L60 -> -0.33294898 | AJ60: =N60-O60 -> -0.091744633 | AK60: =Q60-R60 -> -0.84565815 | AL60: =T60-U60 -> -2.1195555 | AM60: =W60-X60 -> -1.0324952 | AN60: =IF(AF60<-2,C60,IF(AE60<-2,C60,"")) | AO60: =IF(AM60<-2,C60,IF(AL60<-2,C60,"")) -> BI-RUI-007LD | AS60: BI-RUI-P009LD | AV60: BI-RUI-P007LD
A61: 629 | B61: octubre | C61: BI-RUI-007LD | E61: 65.738273 | F61: 66.258718 | G61: 59.891643 | H61: 66.702311 | I61: 65.939967 | J61: 61.524577 | K61: 66.445948 | L61: 65.281431 | M61: 61.269037 | N61: 65.957888 | O61: 66.855712 | P61: 59.781442 | Q61: 66.444484 | R61: 68.530392 | S61: 62.659716 | T61: 64.420268 | U61: 69.248554 | V61: 65.929288 | W61: 63.864588 | X61: 65.088957 | Y61: 63.90437 | Z61: =E61-G61 -> 5.8466295 | AA61: =H61-J61 -> 5.1777345 | AB61: =K61-M61 -> 5.1769111 | AC61: =N61-P61 -> 6.1764461 | AD61: =Q61-S61 -> 3.7847681 | AE61: =T61-V61 -> -1.50902 | AF61: =W61-Y61 -> -0.039781982 | AG61: =E61-F61 -> -0.52044575 | AH61: =F61-G61 -> 6.3670753 | AI61: =K61-L61 -> 1.1645172 | AJ61: =N61-O61 -> -0.89782368 | AK61: =Q61-R61 -> -2.085908 | AL61: =T61-U61 -> -4.8282856 | AM61: =W61-X61 -> -1.2243693 | AN61: =IF(AF61<-2,C61,IF(AE61<-2,C61,"")) | AO61: =IF(AM61<-2,C61,IF(AL61<-2,C61,"")) -> BI-RUI-007LD | AS61: BI-RUI-P010LD | AV61: BI-RUI-P008LD
A62: 568 | B62: noviembre | C62: BI-RUI-007LD | E62: 66.961454 | F62: 65.720754 | G62: 60.614097 | H62: 66.092103 | I62: 65.480187 | J62: 60.612826 | K62: 66.13279 | L62: 64.577151 | M62: 59.446414 | N62: 66.346678 | O62: 65.297564 | P62: 58.786522 | Q62: 67.253078 | R62: 67.163251 | S62: 62.861766 | T62: 65.422591 | U62: 66.84698 | V62: 64.940248 | W62: 64.188139 | X62: 64.226239 | Y62: 62.075883 | Z62: =E62-G62 -> 6.3473569 | AA62: =H62-J62 -> 5.4792767 | AB62: =K62-M62 -> 6.686376 | AC62: =N62-P62 -> 7.560156 | AD62: =Q62-S62 -> 4.3913114 | AE62: =T62-V62 -> 0.48234257 | AF62: =W62-Y62 -> 2.1122561 | AG62: =E62-F62 -> 1.2407002 | AH62: =F62-G62 -> 5.1066567 | AI62: =K62-L62 -> 1.5556394 | AJ62: =N62-O62 -> 1.0491142 | AK62: =Q62-R62 -> 0.089826717 | AL62: =T62-U62 -> -1.4243898 | AM62: =W62-X62 -> -0.038100216 | AN62: =IF(AF62<-2,C62,IF(AE62<-2,C62,"")) | AO62: =IF(AM62<-2,C62,IF(AL62<-2,C62,"")) | AS62: BI-RUI-P011LD | AV62: BI-RUI-P009LD
A63: 130 | B63: diciembre | C63: BI-RUI-007LD | E63: 65.875725 | F63: 65.453815 | G63: 59.169716 | H63: 66.060861 | I63: 67.009033 | J63: 59.460103 | K63: 65.867033 | L63: 66.413651 | M63: 61.042232 | N63: 66.998293 | O63: 67.091383 | P63: 61.581901 | Q63: 66.997154 | R63: 68.193506 | S63: 63.315305 | T63: 65.887085 | U63: 67.795815 | V63: 63.869007 | W63: 63.7107 | X63: 65.48221 | Y63: 63.929378 | Z63: =E63-G63 -> 6.7060085 | AA63: =H63-J63 -> 6.6007586 | AB63: =K63-M63 -> 4.8248013 | AC63: =N63-P63 -> 5.4163921 | AD63: =Q63-S63 -> 3.6818492 | AE63: =T63-V63 -> 2.0180788 | AF63: =W63-Y63 -> -0.21867844 | AG63: =E63-F63 -> 0.4219094 | AH63: =F63-G63 -> 6.2840991 | AI63: =K63-L63 -> -0.54661746 | AJ63: =N63-O63 -> -0.093090594 | AK63: =Q63-R63 -> -1.1963518 | AL63: =T63-U63 -> -1.90873 | AM63: =W63-X63 -> -1.7715103 | AN63: =IF(AF63<-2,C63,IF(AE63<-2,C63,"")) | AO63: =IF(AM63<-2,C63,IF(AL63<-2,C63,"")) | AS63: BI-RUI-P012LD | AV63: BI-RUI-P010LD
A64: 192 | B64: enero | C64: BI-RUI-008LD | D64: Iturribide | E64: 60.38843 | F64: 59.882182 | G64: 56.640702 | H64: 61.668209 | I64: 60.845548 | J64: 56.922162 | K64: 62.1287 | L64: 62.216948 | M64: 58.209652 | N64: 62.075003 | O64: 64.97507 | P64: 61.143171 | Q64: 61.549275 | R64: 72.390113 | S64: 67.470888 | T64: 62.05151 | U64: 74.470108 | V64: 68.242794 | W64: 65.523116 | X64: 62.297387 | Y64: 72.214145 | Z64: =E64-G64 -> 3.7477279 | AA64: =H64-J64 -> 4.7460467 | AB64: =K64-M64 -> 3.9190475 | AC64: =N64-P64 -> 0.93183181 | AD64: =Q64-S64 -> -5.9216132 | AE64: =T64-V64 -> -6.1912845 | AF64: =W64-Y64 -> -6.6910299 | AG64: =E64-F64 -> 0.50624765 | AH64: =F64-G64 -> 3.2414803 | AI64: =K64-L64 -> -0.088248141 | AJ64: =N64-O64 -> -2.900067 | AK64: =Q64-R64 -> -10.840838 | AL64: =T64-U64 -> -12.418598 | AM64: =W64-X64 -> 3.2257285 | AN64: =IF(AF64<-2,C64,IF(AE64<-2,C64,"")) -> BI-RUI-008LD | AO64: =IF(AM64<-2,C64,IF(AL64<-2,C64,"")) -> BI-RUI-008LD | AS64: BI-RUI-P013LD | AV64: BI-RUI-P011LD
A65: 255 | B65: febrero | C65: BI-RUI-008LD | E65: 59.968617 | F65: 61.328675 | G65: 53.673093 | H65: 62.096663 | I65: 60.151413 | J65: 53.112067 | K65: 61.084751 | L65: 62.947062 | M65: 57.97715 | N65: 63.730184 | O65: 61.896244 | P65: 59.120674 | Q65: 64.30959 | R65: 70.32575 | S65: 62.442944 | T65: 60.363556 | U65: 70.1962 | V65: 67.324053 | W65: 63.114786 | X65: 61.559707 | Y65: 67.350016 | Z65: =E65-G65 -> 6.2955236 | AA65: =H65-J65 -> 8.984596 | AB65: =K65-M65 -> 3.1076013 | AC65: =N65-P65 -> 4.6095104 | AD65: =Q65-S65 -> 1.8666466 | AE65: =T65-V65 -> -6.9604975 | AF65: =W65-Y65 -> -4.2352295 | AG65: =E65-F65 -> -1.3600589 | AH65: =F65-G65 -> 7.6555825 | AI65: =K65-L65 -> -1.8623104 | AJ65: =N65-O65 -> 1.8339401 | AK65: =Q65-R65 -> -6.0161593 | AL65: =T65-U65 -> -9.8326446 | AM65: =W65-X65 -> 1.5550788 | AN65: =IF(AF65<-2,C65,IF(AE65<-2,C65,"")) -> BI-RUI-008LD | AO65: =IF(AM65<-2,C65,IF(AL65<-2,C65,"")) -> BI-RUI-008LD | AS65: BI-RUI-P014LD | AV65: BI-RUI-P012LD
A66: 443 | B66: marzo | C66: BI-RUI-008LD | E66: 60.229656 | F66: 59.260193 | G66: 55.779782 | H66: 63.54526 | I66: 60.383894 | J66: 54.489218 | K66: 60.735426 | L66: 63.873578 | M66: 58.49169 | N66: 61.027931 | O66: 63.344501 | P66: 58.776704 | Q66: 61.023426 | R66: 69.4266 | S66: 63.711548 | T66: 61.608146 | U66: 70.653308 | V66: 66.903962 | W66: 65.147178 | X66: 61.169162 | Y66: 65.510545 | Z66: =E66-G66 -> 4.4498738 | AA66: =H66-J66 -> 9.0560424 | AB66: =K66-M66 -> 2.2437351 | AC66: =N66-P66 -> 2.2512267 | AD66: =Q66-S66 -> -2.6881222 | AE66: =T66-V66 -> -5.2958165 | AF66: =W66-Y66 -> -0.36336664 | AG66: =E66-F66 -> 0.96946266 | AH66: =F66-G66 -> 3.4804112 | AI66: =K66-L66 -> -3.1381527 | AJ66: =N66-O66 -> -2.31657 | AK66: =Q66-R66 -> -8.4031746 | AL66: =T66-U66 -> -9.0451622 | AM66: =W66-X66 -> 3.9780157 | AN66: =IF(AF66<-2,C66,IF(AE66<-2,C66,"")) -> BI-RUI-008LD | AO66: =IF(AM66<-2,C66,IF(AL66<-2,C66,"")) -> BI-RUI-008LD | AV66: BI-RUI-P013LD
A67: 5 | B67: abril | C67: BI-RUI-008LD | E67: 60.043084 | F67: 61.372652 | G67: 56.340784 | H67: 60.688118 | I67: 63.742083 | J67: 57.06446 | K67: 61.021305 | L67: 64.73936 | M67: 60.183354 | N67: 60.217909 | O67: 63.881845 | P67: 60.612856 | Q67: 60.522358 | R67: 70.590011 | S67: 62.663485 | T67: 60.895525 | U67: 69.263145 | V67: 66.651084 | W67: 63.188648 | X67: 62.213625 | Y67: 67.940478 | Z67: =E67-G67 -> 3.7023002 | AA67: =H67-J67 -> 3.6236578 | AB67: =K67-M67 -> 0.8379515 | AC67: =N67-P67 -> -0.39494717 | AD67: =Q67-S67 -> -2.141127 | AE67: =T67-V67 -> -5.7555583 | AF67: =W67-Y67 -> -4.7518303 | AG67: =E67-F67 -> -1.3295681 | AH67: =F67-G67 -> 5.0318683 | AI67: =K67-L67 -> -3.718055 | AJ67: =N67-O67 -> -3.6639359 | AK67: =Q67-R67 -> -10.067653 | AL67: =T67-U67 -> -8.36762 | AM67: =W67-X67 -> 0.97502319 | AN67: =IF(AF67<-2,C67,IF(AE67<-2,C67,"")) -> BI-RUI-008LD | AO67: =IF(AM67<-2,C67,IF(AL67<-2,C67,"")) -> BI-RUI-008LD | AV67: BI-RUI-P014LD
A68: 506 | B68: mayo | C68: BI-RUI-008LD | E68: 67.503875 | F68: 61.049732 | G68: 58.294635 | H68: 60.165028 | I68: 61.382967 | J68: 57.410359 | K68: 63.791165 | L68: 64.165891 | M68: 58.866124 | N68: 65.041561 | O68: 62.896976 | P68: 60.881296 | Q68: 65.225304 | R68: 70.23688 | S68: 64.426748 | T68: 61.127346 | U68: 68.84932 | V68: 67.343951 | W68: 65.964486 | X68: 62.719944 | Y68: 67.128303 | Z68: =E68-G68 -> 9.2092398 | AA68: =H68-J68 -> 2.7546694 | AB68: =K68-M68 -> 4.9250413 | AC68: =N68-P68 -> 4.160265 | AD68: =Q68-S68 -> 0.79855603 | AE68: =T68-V68 -> -6.2166042 | AF68: =W68-Y68 -> -1.1638174 | AG68: =E68-F68 -> 6.454143 | AH68: =F68-G68 -> 2.7550968 | AI68: =K68-L68 -> -0.37472562 | AJ68: =N68-O68 -> 2.1445856 | AK68: =Q68-R68 -> -5.0115757 | AL68: =T68-U68 -> -7.721974 | AM68: =W68-X68 -> 3.2445419 | AN68: =IF(AF68<-2,C68,IF(AE68<-2,C68,"")) -> BI-RUI-008LD | AO68: =IF(AM68<-2,C68,IF(AL68<-2,C68,"")) -> BI-RUI-008LD
A69: 380 | B69: junio | C69: BI-RUI-008LD | E69: 60.189566 | F69: 62.438021 | G69: 55.855004 | H69: 59.814194 | I69: 61.116314 | J69: 55.627508 | K69: 60.989135 | L69: 64.137946 | M69: 60.47038 | N69: 60.672483 | O69: 63.606325 | P69: 61.160059 | Q69: 61.727434 | R69: 67.404649 | S69: 63.521275 | T69: 61.497733 | U69: 67.032233 | V69: 66.926993 | W69: 63.830392 | X69: 60.625978 | Y69: 66.169739 | Z69: =E69-G69 -> 4.3345618 | AA69: =H69-J69 -> 4.1866853 | AB69: =K69-M69 -> 0.51875513 | AC69: =N69-P69 -> -0.48757527 | AD69: =Q69-S69 -> -1.793841 | AE69: =T69-V69 -> -5.4292609 | AF69: =W69-Y69 -> -2.3393463 | AG69: =E69-F69 -> -2.2484545 | AH69: =F69-G69 -> 6.5830163 | AI69: =K69-L69 -> -3.1488112 | AJ69: =N69-O69 -> -2.9338414 | AK69: =Q69-R69 -> -5.6772145 | AL69: =T69-U69 -> -5.5345007 | AM69: =W69-X69 -> 3.2044146 | AN69: =IF(AF69<-2,C69,IF(AE69<-2,C69,"")) -> BI-RUI-008LD | AO69: =IF(AM69<-2,C69,IF(AL69<-2,C69,"")) -> BI-RUI-008LD
A70: 317 | B70: julio | C70: BI-RUI-008LD | E70: 59.49761 | F70: 60.604242 | G70: 61.849968 | H70: 59.748967 | I70: 61.438601 | J70: 58.875644 | K70: 59.457985 | L70: 63.639537 | M70: 59.636694 | N70: 59.517291 | O70: 63.015643 | P70: 61.09529 | Q70: 60.133982 | R70: 65.86005 | S70: 61.774374 | T70: 60.212662 | U70: 64.77943 | V70: 66.384865 | W70: 62.726765 | X70: 60.982041 | Y70: 66.282878 | Z70: =E70-G70 -> -2.3523579 | AA70: =H70-J70 -> 0.87332272 | AB70: =K70-M70 -> -0.17870963 | AC70: =N70-P70 -> -1.5779993 | AD70: =Q70-S70 -> -1.640392 | AE70: =T70-V70 -> -6.1722034 | AF70: =W70-Y70 -> -3.5561129 | AG70: =E70-F70 -> -1.1066316 | AH70: =F70-G70 -> -1.2457264 | AI70: =K70-L70 -> -4.1815527 | AJ70: =N70-O70 -> -3.4983517 | AK70: =Q70-R70 -> -5.726068 | AL70: =T70-U70 -> -4.5667679 | AM70: =W70-X70 -> 1.7447231 | AN70: =IF(AF70<-2,C70,IF(AE70<-2,C70,"")) -> BI-RUI-008LD | AO70: =IF(AM70<-2,C70,IF(AL70<-2,C70,"")) -> BI-RUI-008LD
A71: 68 | B71: agosto | C71: BI-RUI-008LD | E71: 62.735535 | F71: 63.029568 | G71: 61.789773 | H71: 61.33223 | I71: 62.343421 | J71: 62.746384 | K71: 60.576 | L71: 64.112892 | M71: 63.450273 | N71: 60.496916 | O71: 65.026198 | P71: 65.953196 | Q71: 61.510628 | R71: 65.873612 | S71: 67.68213 | T71: 60.582967 | U71: 69.225728 | V71: 67.783069 | W71: 62.667178 | X71: 63.377752 | Y71: 68.996612 | Z71: =E71-G71 -> 0.94576146 | AA71: =H71-J71 -> -1.414154 | AB71: =K71-M71 -> -2.874273 | AC71: =N71-P71 -> -5.4562804 | AD71: =Q71-S71 -> -6.1715025 | AE71: =T71-V71 -> -7.200102 | AF71: =W71-Y71 -> -6.329434 | AG71: =E71-F71 -> -0.29403342 | AH71: =F71-G71 -> 1.2397949 | AI71: =K71-L71 -> -3.5368926 | AJ71: =N71-O71 -> -4.5292825 | AK71: =Q71-R71 -> -4.3629838 | AL71: =T71-U71 -> -8.6427608 | AM71: =W71-X71 -> -0.71057331 | AN71: =IF(AF71<-2,C71,IF(AE71<-2,C71,"")) -> BI-RUI-008LD | AO71: =IF(AM71<-2,C71,IF(AL71<-2,C71,"")) -> BI-RUI-008LD
A72: 692 | B72: septiembre | C72: BI-RUI-008LD | E72: 60.871732 | F72: 62.010642 | G72: 58.199772 | H72: 60.954096 | I72: 61.911439 | J72: 59.198709 | K72: 61.750975 | L72: 66.453005 | M72: 60.500468 | N72: 62.375231 | O72: 67.609913 | P72: 60.858086 | Q72: 60.782476 | R72: 72.019538 | S72: 64.109914 | T72: 61.647053 | U72: 71.758963 | V72: 69.532582 | W72: 63.554562 | X72: 66.989585 | Y72: 67.820057 | Z72: =E72-G72 -> 2.6719602 | AA72: =H72-J72 -> 1.7553871 | AB72: =K72-M72 -> 1.2505068 | AC72: =N72-P72 -> 1.5171449 | AD72: =Q72-S72 -> -3.3274377 | AE72: =T72-V72 -> -7.8855288 | AF72: =W72-Y72 -> -4.2654955 | AG72: =E72-F72 -> -1.1389104 | AH72: =F72-G72 -> 3.8108705 | AI72: =K72-L72 -> -4.7020294 | AJ72: =N72-O72 -> -5.2346821 | AK72: =Q72-R72 -> -11.237061 | AL72: =T72-U72 -> -10.11191 | AM72: =W72-X72 -> -3.4350234 | AN72: =IF(AF72<-2,C72,IF(AE72<-2,C72,"")) -> BI-RUI-008LD | AO72: =IF(AM72<-2,C72,IF(AL72<-2,C72,"")) -> BI-RUI-008LD
A73: 630 | B73: octubre | C73: BI-RUI-008LD | E73: 60.157798 | F73: 61.720019 | G73: 60.54213 | H73: 62.051846 | I73: 64.621493 | J73: 63.185683 | K73: 61.004857 | L73: 66.567212 | M73: 63.089786 | N73: 60.271056 | O73: 68.636776 | P73: 61.204987 | Q73: 60.358059 | R73: 73.079774 | S73: 68.457693 | T73: 62.739271 | U73: 74.217827 | V73: 71.340303 | W73: 64.061303 | X73: 66.507625 | Y73: 68.857593 | Z73: =E73-G73 -> -0.38433205 | AA73: =H73-J73 -> -1.1338373 | AB73: =K73-M73 -> -2.0849289 | AC73: =N73-P73 -> -0.93393055 | AD73: =Q73-S73 -> -8.099634 | AE73: =T73-V73 -> -8.6010318 | AF73: =W73-Y73 -> -4.7962902 | AG73: =E73-F73 -> -1.562221 | AH73: =F73-G73 -> 1.1778889 | AI73: =K73-L73 -> -5.5623553 | AJ73: =N73-O73 -> -8.3657197 | AK73: =Q73-R73 -> -12.721715 | AL73: =T73-U73 -> -11.478555 | AM73: =W73-X73 -> -2.446322 | AN73: =IF(AF73<-2,C73,IF(AE73<-2,C73,"")) -> BI-RUI-008LD | AO73: =IF(AM73<-2,C73,IF(AL73<-2,C73,"")) -> BI-RUI-008LD
A74: 569 | B74: noviembre | C74: BI-RUI-008LD | E74: 59.903725 | F74: 59.457464 | G74: 57.84369 | H74: 60.135157 | I74: 60.825103 | J74: 58.171053 | K74: 64.202575 | L74: 65.149526 | M74: 57.679791 | N74: 61.133223 | O74: 65.565689 | P74: 60.133018 | Q74: 60.865774 | R74: 74.698531 | S74: 64.450528 | T74: 62.990421 | U74: 75.140516 | V74: 69.332923 | W74: 64.299086 | X74: 63.855937 | Y74: 69.484634 | Z74: =E74-G74 -> 2.0600354 | AA74: =H74-J74 -> 1.964104 | AB74: =K74-M74 -> 6.5227841 | AC74: =N74-P74 -> 1.0002057 | AD74: =Q74-S74 -> -3.584754 | AE74: =T74-V74 -> -6.3425017 | AF74: =W74-Y74 -> -5.1855481 | AG74: =E74-F74 -> 0.44626162 | AH74: =F74-G74 -> 1.6137738 | AI74: =K74-L74 -> -0.9469511 | AJ74: =N74-O74 -> -4.4324656 | AK74: =Q74-R74 -> -13.832758 | AL74: =T74-U74 -> -12.150095 | AM74: =W74-X74 -> 0.44314897 | AN74: =IF(AF74<-2,C74,IF(AE74<-2,C74,"")) -> BI-RUI-008LD | AO74: =IF(AM74<-2,C74,IF(AL74<-2,C74,"")) -> BI-RUI-008LD
A75: 131 | B75: diciembre | C75: BI-RUI-008LD | E75: 60.238161 | F75: 64.285821 | G75: 59.924895 | H75: 62.14867 | I75: 65.453713 | J75: 60.315375 | K75: 62.849673 | L75: 67.976033 | M75: 62.114133 | N75: 61.142178 | O75: 64.919952 | P75: 64.254924 | Q75: 63.962374 | R75: 72.933687 | S75: 68.396181 | T75: 61.637337 | U75: 71.733717 | V75: 69.087549 | W75: 66.3432 | X75: 78.33639 | Y75: 68.164777 | Z75: =E75-G75 -> 0.31326562 | AA75: =H75-J75 -> 1.8332952 | AB75: =K75-M75 -> 0.73553953 | AC75: =N75-P75 -> -3.1127462 | AD75: =Q75-S75 -> -4.433807 | AE75: =T75-V75 -> -7.4502123 | AF75: =W75-Y75 -> -1.8215774 | AG75: =E75-F75 -> -4.0476599 | AH75: =F75-G75 -> 4.3609255 | AI75: =K75-L75 -> -5.1263598 | AJ75: =N75-O75 -> -3.7777743 | AK75: =Q75-R75 -> -8.9713135 | AL75: =T75-U75 -> -10.09638 | AM75: =W75-X75 -> -11.99319 | AN75: =IF(AF75<-2,C75,IF(AE75<-2,C75,"")) -> BI-RUI-008LD | AO75: =IF(AM75<-2,C75,IF(AL75<-2,C75,"")) -> BI-RUI-008LD
A76: 193 | B76: enero | C76: BI-RUI-009LD | E76: 70.004887 | F76: 68.112053 | G76: 58.080107 | H76: 70.564874 | I76: 68.057037 | J76: 58.795555 | K76: 70.492356 | L76: 69.90662 | M76: 58.658376 | N76: 68.512545 | O76: 71.70261 | P76: 61.440025 | Q76: 69.431046 | R76: 72.459369 | S76: 66.179369 | T76: 72.902915 | U76: 75.564843 | V76: 68.732232 | W76: 70.911533 | X76: 67.083775 | Y76: 67.725983 | Z76: =E76-G76 -> 11.924779 | AA76: =H76-J76 -> 11.769319 | AB76: =K76-M76 -> 11.83398 | AC76: =N76-P76 -> 7.07252 | AD76: =Q76-S76 -> 3.2516765 | AE76: =T76-V76 -> 4.1706828 | AF76: =W76-Y76 -> 3.18555 | AG76: =E76-F76 -> 1.8928332 | AH76: =F76-G76 -> 10.031946 | AI76: =K76-L76 -> 0.58573658 | AJ76: =N76-O76 -> -3.1900655 | AK76: =Q76-R76 -> -3.0283228 | AL76: =T76-U76 -> -2.6619282 | AM76: =W76-X76 -> 3.8277583 | AN76: =IF(AF76<-2,C76,IF(AE76<-2,C76,"")) | AO76: =IF(AM76<-2,C76,IF(AL76<-2,C76,"")) -> BI-RUI-009LD
A77: 256 | B77: febrero | C77: BI-RUI-009LD | E77: 67.521143 | F77: 66.558895 | G77: 58.172823 | H77: 67.398289 | I77: 67.382148 | J77: 54.487071 | K77: 67.982373 | L77: 68.904242 | M77: 56.693031 | N77: 68.399578 | O77: 71.38635 | P77: 59.637528 | Q77: 69.888628 | R77: 74.824301 | S77: 65.627892 | T77: 73.595261 | U77: 76.723263 | V77: 69.639663 | W77: 71.579356 | X77: 66.503674 | Y77: 70.061051 | Z77: =E77-G77 -> 9.34832 | AA77: =H77-J77 -> 12.911218 | AB77: =K77-M77 -> 11.289341 | AC77: =N77-P77 -> 8.7620501 | AD77: =Q77-S77 -> 4.2607362 | AE77: =T77-V77 -> 3.955598 | AF77: =W77-Y77 -> 1.5183045 | AG77: =E77-F77 -> 0.96224784 | AH77: =F77-G77 -> 8.3860721 | AI77: =K77-L77 -> -0.92186928 | AJ77: =N77-O77 -> -2.9867713 | AK77: =Q77-R77 -> -4.9356725 | AL77: =T77-U77 -> -3.1280025 | AM77: =W77-X77 -> 5.0756815 | AN77: =IF(AF77<-2,C77,IF(AE77<-2,C77,"")) | AO77: =IF(AM77<-2,C77,IF(AL77<-2,C77,"")) -> BI-RUI-009LD
A78: 444 | B78: marzo | C78: BI-RUI-009LD | E78: 68.483741 | F78: 65.507424 | G78: 59.251107 | H78: 67.378909 | I78: 67.42109 | J78: 57.705516 | K78: 67.209608 | L78: 69.488621 | M78: 58.245421 | N78: 67.124821 | O78: 69.957343 | P78: 59.971719 | Q78: 68.672877 | R78: 74.805272 | S78: 68.784574 | T78: 73.029507 | U78: 76.244494 | V78: 69.558273 | W78: 72.235642 | X78: 69.718459 | Y78: 67.305271 | Z78: =E78-G78 -> 9.2326336 | AA78: =H78-J78 -> 9.673393 | AB78: =K78-M78 -> 8.9641877 | AC78: =N78-P78 -> 7.153102 | AD78: =Q78-S78 -> -0.11169721 | AE78: =T78-V78 -> 3.4712348 | AF78: =W78-Y78 -> 4.9303708 | AG78: =E78-F78 -> 2.9763174 | AH78: =F78-G78 -> 6.2563161 | AI78: =K78-L78 -> -2.2790127 | AJ78: =N78-O78 -> -2.832522 | AK78: =Q78-R78 -> -6.1323947 | AL78: =T78-U78 -> -3.214987 | AM78: =W78-X78 -> 2.5171832 | AN78: =IF(AF78<-2,C78,IF(AE78<-2,C78,"")) | AO78: =IF(AM78<-2,C78,IF(AL78<-2,C78,"")) -> BI-RUI-009LD
A79: 6 | B79: abril | C79: BI-RUI-009LD | E79: 69.043404 | F79: 67.545991 | G79: 61.30467 | H79: 66.854831 | I79: 67.279948 | J79: 59.800883 | K79: 68.023172 | L79: 71.039947 | M79: 60.810242 | N79: 69.169856 | O79: 73.658155 | P79: 63.712007 | Q79: 70.272758 | R79: 73.602515 | S79: 67.189037 | T79: 72.408281 | U79: 75.555922 | V79: 69.312005 | W79: 71.331006 | X79: 68.70577 | Y79: 68.506362 | Z79: =E79-G79 -> 7.7387339 | AA79: =H79-J79 -> 7.0539484 | AB79: =K79-M79 -> 7.2129306 | AC79: =N79-P79 -> 5.4578485 | AD79: =Q79-S79 -> 3.0837215 | AE79: =T79-V79 -> 3.0962759 | AF79: =W79-Y79 -> 2.8246436 | AG79: =E79-F79 -> 1.4974129 | AH79: =F79-G79 -> 6.241321 | AI79: =K79-L79 -> -3.0167751 | AJ79: =N79-O79 -> -4.488299 | AK79: =Q79-R79 -> -3.3297571 | AL79: =T79-U79 -> -3.1476406 | AM79: =W79-X79 -> 2.6252359 | AN79: =IF(AF79<-2,C79,IF(AE79<-2,C79,"")) | AO79: =IF(AM79<-2,C79,IF(AL79<-2,C79,"")) -> BI-RUI-009LD
... A87: 132 | B87: diciembre | C87: BI-RUI-009LD | E87: 68.982328 | F87: 70.907036 | G87: 59.311622 | H87: 69.819118 | I87: 71.308639 | J87: 60.066586 | K87: 71.992272 | L87: 74.929709 | M87: 65.939267 | N87: 70.37772 | O87: 72.003977 | P87: 66.920348 | Q87: 72.176195 | R87: 75.85619 | S87: 66.979663 | T87: 73.694054 | U87: 75.698939 | V87: 70.165525 | W87: 71.540428 | X87: 67.951637 | Y87: 68.238798 | Z87: =E87-G87 -> 9.6707055 | AA87: =H87-J87 -> 9.7525322 | AB87: =K87-M87 -> 6.0530048 | AC87: =N87-P87 -> 3.4573723 | AD87: =Q87-S87 -> 5.1965316 | AE87: =T87-V87 -> 3.5285293 | AF87: =W87-Y87 -> 3.3016305 | AG87: =E87-F87 -> -1.9247078 | AH87: =F87-G87 -> 11.595413 | AI87: =K87-L87 -> -2.9374369 | AJ87: =N87-O87 -> -1.6262568 | AK87: =Q87-R87 -> -3.6799947 | AL87: =T87-U87 -> -2.0048848 | AM87: =W87-X87 -> 3.5887911 | AN87: =IF(AF87<-2,C87,IF(AE87<-2,C87,"")) | AO87: =IF(AM87<-2,C87,IF(AL87<-2,C87,"")) -> BI-RUI-009LD
A88: 194 | B88: enero | C88: BI-RUI-010LD | D88: Barrenkale-Barrena (CV) | E88: 66.276028 | F88: 66.023179 | G88: 65.494808 | H88: 65.871288 | I88: 67.115015 | J88: 60.978741 | K88: 66.841041 | L88: 69.830084 | M88: 63.148896 | N88: 68.152835 | O88: 72.409535 | P88: 65.94333 | Q88: 68.099135 | R88: 74.697325 | S88: 71.57876 | T88: 71.88472 | U88: 76.668378 | V88: 73.878706 | W88: 69.735905 | X88: 68.384761 | Y88: 73.35731 | Z88: =E88-G88 -> 0.78121946 | AA88: =H88-J88 -> 4.8925466 | AB88: =K88-M88 -> 3.6921447 | AC88: =N88-P88 -> 2.209505 | AD88: =Q88-S88 -> -3.4796249 | AE88: =T88-V88 -> -1.9939862 | AF88: =W88-Y88 -> -3.621405 | AG88: =E88-F88 -> 0.2528485 | AH88: =F88-G88 -> 0.52837096 | AI88: =K88-L88 -> -2.9890429 | AJ88: =N88-O88 -> -4.2567003 | AK88: =Q88-R88 -> -6.5981901 | AL88: =T88-U88 -> -4.7836577 | AM88: =W88-X88 -> 1.3511437 | AN88: =IF(AF88<-2,C88,IF(AE88<-2,C88,"")) -> BI-RUI-010LD | AO88: =IF(AM88<-2,C88,IF(AL88<-2,C88,"")) -> BI-RUI-010LD
A89: 257 | B89: febrero | C89: BI-RUI-010LD | E89: 65.522313 | F89: 62.72404 | G89: 64.246529 | H89: 64.598805 | I89: 64.982264 | J89: 58.101229 | K89: 66.264947 | L89: 66.564297 | M89: 60.644177 | N89: 67.113686 | O89: 70.032958 | P89: 64.651356 | Q89: 69.053449 | R89: 74.321894 | S89: 70.084911 | T89: 72.451867 | U89: 76.378794 | V89: 72.836895 | W89: 70.610204 | X89: 69.799438 | Y89: 73.400559 | Z89: =E89-G89 -> 1.2757838 | AA89: =H89-J89 -> 6.4975761 | AB89: =K89-M89 -> 5.6207699 | AC89: =N89-P89 -> 2.46233 | AD89: =Q89-S89 -> -1.0314618 | AE89: =T89-V89 -> -0.38502803 | AF89: =W89-Y89 -> -2.7903545 | AG89: =E89-F89 -> 2.7982733 | AH89: =F89-G89 -> -1.5224896 | AI89: =K89-L89 -> -0.29934993 | AJ89: =N89-O89 -> -2.919272 | AK89: =Q89-R89 -> -5.2684446 | AL89: =T89-U89 -> -3.9269269 | AM89: =W89-X89 -> 0.81076587 | AN89: =IF(AF89<-2,C89,IF(AE89<-2,C89,"")) -> BI-RUI-010LD | AO89: =IF(AM89<-2,C89,IF(AL89<-2,C89,"")) -> BI-RUI-010LD
A90: 445 | B90: marzo | C90: BI-RUI-010LD | E90: 65.997527 | F90: 62.605817 | G90: 65.596254 | H90: 64.108695 | I90: 66.279234 | J90: 60.661786 | K90: 65.812464 | L90: 69.682123 | M90: 63.364319 | N90: 66.117352 | O90: 71.867393 | P90: 65.136824 | Q90: 68.610758 | R90: 74.97067 | S90: 70.825306 | T90: 73.102799 | U90: 77.318222 | V90: 73.531251 | W90: 71.066958 | X90: 70.673961 | Y90: 73.697123 | Z90: =E90-G90 -> 0.40127303 | AA90: =H90-J90 -> 3.4469096 | AB90: =K90-M90 -> 2.448145 | AC90: =N90-P90 -> 0.98052785 | AD90: =Q90-S90 -> -2.2145477 | AE90: =T90-V90 -> -0.42845226 | AF90: =W90-Y90 -> -2.6301648 | AG90: =E90-F90 -> 3.3917101 | AH90: =F90-G90 -> -2.9904371 | AI90: =K90-L90 -> -3.8696586 | AJ90: =N90-O90 -> -5.7500416 | AK90: =Q90-R90 -> -6.3599115 | AL90: =T90-U90 -> -4.2154234 | AM90: =W90-X90 -> 0.39299655 | AN90: =IF(AF90<-2,C90,IF(AE90<-2,C90,"")) -> BI-RUI-010LD | AO90: =IF(AM90<-2,C90,IF(AL90<-2,C90,"")) -> BI-RUI-010LD
A91: 7 | B91: abril | C91: BI-RUI-010LD | E91: 68.151799 | F91: 68.337014 | G91: 69.010918 | H91: 65.487174 | I91: 66.058789 | J91: 63.46447 | K91: 66.067614 | L91: 70.115653 | M91: 64.369866 | N91: 67.068652 | O91: 71.941817 | P91: 67.455315 | Q91: 68.745994 | R91: 75.028231 | S91: 71.437541 | T91: 72.302604 | U91: 76.765025 | V91: 73.013006 | W91: 70.991675 | X91: 72.978222 | Y91: 73.618569 | Z91: =E91-G91 -> -0.85911846 | AA91: =H91-J91 -> 2.0227046 | AB91: =K91-M91 -> 1.6977481 | AC91: =N91-P91 -> -0.38666323 | AD91: =Q91-S91 -> -2.6915471 | AE91: =T91-V91 -> -0.71040149 | AF91: =W91-Y91 -> -2.6268941 | AG91: =E91-F91 -> -0.18521457 | AH91: =F91-G91 -> -0.67390388 | AI91: =K91-L91 -> -4.0480384 | AJ91: =N91-O91 -> -4.8731654 | AK91: =Q91-R91 -> -6.2822369 | AL91: =T91-U91 -> -4.462421 | AM91: =W91-X91 -> -1.9865474 | AN91: =IF(AF91<-2,C91,IF(AE91<-2,C91,"")) -> BI-RUI-010LD | AO91: =IF(AM91<-2,C91,IF(AL91<-2,C91,"")) -> BI-RUI-010LD
A92: 508 | B92: mayo | C92: BI-RUI-010LD | E92: 69.397673 | F92: 68.45386 | G92: 68.62448 | H92: 67.47307 | I92: 68.200176 | J92: 62.95569 | K92: 72.994093 | L92: 69.339771 | M92: 65.057207 | N92: 68.150877 | O92: 72.033607 | P92: 65.813873 | Q92: 69.701668 | R92: 75.232878 | S92: 70.929802 | T92: 77.1823 | U92: 79.818291 | V92: 75.157551 | W92: 70.328652 | X92: 71.637571 | Y92: 74.165468 | Z92: =E92-G92 -> 0.77319288 | AA92: =H92-J92 -> 4.51738 | AB92: =K92-M92 -> 7.9368859 | AC92: =N92-P92 -> 2.3370042 | AD92: =Q92-S92 -> -1.2281338 | AE92: =T92-V92 -> 2.0247489 | AF92: =W92-Y92 -> -3.8368158 | AG92: =E92-F92 -> 0.94381335 | AH92: =F92-G92 -> -0.17062048 | AI92: =K92-L92 -> 3.6543217 | AJ92: =N92-O92 -> -3.8827297 | AK92: =Q92-R92 -> -5.5312106 | AL92: =T92-U92 -> -2.6359914 | AM92: =W92-X92 -> -1.308919 | AN92: =IF(AF92<-2,C92,IF(AE92<-2,C92,"")) -> BI-RUI-010LD | AO92: =IF(AM92<-2,C92,IF(AL92<-2,C92,"")) -> BI-RUI-010LD
A93: 382 | B93: junio | C93: BI-RUI-010LD | E93: 67.84376 | F93: 67.95632 | G93: 66.750949 | H93: 67.877838 | I93: 67.481721 | J93: 63.905918 | K93: 70.418868 | L93: 71.62124 | M93: 67.774883 | N93: 69.459099 | O93: 73.548502 | P93: 69.8108 | Q93: 71.466565 | R93: 76.440599 | S93: 74.390294 | T93: 72.749357 | U93: 77.229123 | V93: 75.640689 | W93: 71.941033 | X93: 71.689603 | Y93: 75.204107 | Z93: =E93-G93 -> 1.0928115 | AA93: =H93-J93 -> 3.9719205 | AB93: =K93-M93 -> 2.643985 | AC93: =N93-P93 -> -0.35170094 | AD93: =Q93-S93 -> -2.9237288 | AE93: =T93-V93 -> -2.8913319 | AF93: =W93-Y93 -> -3.2630738 | AG93: =E93-F93 -> -0.11256008 | AH93: =F93-G93 -> 1.2053716 | AI93: =K93-L93 -> -1.2023725 | AJ93: =N93-O93 -> -4.089403 | AK93: =Q93-R93 -> -4.9740344 | AL93: =T93-U93 -> -4.4797667 | AM93: =W93-X93 -> 0.25143052 | AN93: =IF(AF93<-2,C93,IF(AE93<-2,C93,"")) -> BI-RUI-010LD | AO93: =IF(AM93<-2,C93,IF(AL93<-2,C93,"")) -> BI-RUI-010LD
A94: 319 | B94: julio | C94: BI-RUI-010LD | E94: 66.633745 | F94: 68.571415 | G94: 68.238676 | H94: 67.247195 | I94: 70.646442 | J94: 68.205758 | K94: 68.875317 | L94: 72.062043 | M94: 70.261734 | N94: 69.903762 | O94: 72.777192 | P94: 71.526054 | Q94: 68.546177 | R94: 74.516883 | S94: 72.23554 | T94: 71.228949 | U94: 76.56699 | V94: 73.714163 | W94: 69.716626 | X94: 70.981571 | Y94: 72.248823 | Z94: =E94-G94 -> -1.6049308 | AA94: =H94-J94 -> -0.95856359 | AB94: =K94-M94 -> -1.3864172 | AC94: =N94-P94 -> -1.6222912 | AD94: =Q94-S94 -> -3.6893633 | AE94: =T94-V94 -> -2.4852135 | AF94: =W94-Y94 -> -2.532197 | AG94: =E94-F94 -> -1.9376694 | AH94: =F94-G94 -> 0.33273864 | AI94: =K94-L94 -> -3.1867265 | AJ94: =N94-O94 -> -2.8734298 | AK94: =Q94-R94 -> -5.9707063 | AL94: =T94-U94 -> -5.3380409 | AM94: =W94-X94 -> -1.2649446 | AN94: =IF(AF94<-2,C94,IF(AE94<-2,C94,"")) -> BI-RUI-010LD | AO94: =IF(AM94<-2,C94,IF(AL94<-2,C94,"")) -> BI-RUI-010LD
A95: 70 | B95: agosto | C95: BI-RUI-010LD | E95: 71.329755 | F95: 74.584248 | G95: 70.018717 | H95: 70.995366 | I95: 76.215699 | J95: 67.952995 | K95: 74.027724 | L95: 73.222511 | M95: 73.991294 | N95: 73.903183 | O95: 78.163673 | P95: 73.451382 | Q95: 78.077951 | R95: 78.428762 | S95: 74.224522 | T95: 77.472321 | U95: 81.430844 | V95: 74.753424 | W95: 74.775184 | X95: 76.345296 | Y95: 73.164471 | Z95: =E95-G95 -> 1.3110384 | AA95: =H95-J95 -> 3.0423711 | AB95: =K95-M95 -> 0.0364293 | AC95: =N95-P95 -> 0.45180077 | AD95: =Q95-S95 -> 3.8534285 | AE95: =T95-V95 -> 2.7188977 | AF95: =W95-Y95 -> 1.6107132 | AG95: =E95-F95 -> -3.2544927 | AH95: =F95-G95 -> 4.5655311 | AI95: =K95-L95 -> 0.80521238 | AJ95: =N95-O95 -> -4.2604903 | AK95: =Q95-R95 -> -0.35081166 | AL95: =T95-U95 -> -3.9585229 | AM95: =W95-X95 -> -1.5701118 | AN95: =IF(AF95<-2,C95,IF(AE95<-2,C95,"")) | AO95: =IF(AM95<-2,C95,IF(AL95<-2,C95,"")) -> BI-RUI-010LD
A96: 694 | B96: septiembre | C96: BI-RUI-010LD | E96: 64.004698 | F96: 65.746577 | G96: 67.22031 | H96: 63.9563 | I96: 67.124786 | J96: 66.206234 | K96: 64.570248 | L96: 68.594014 | M96: 65.803949 | N96: 65.529417 | O96: 70.665169 | P96: 66.430616 | Q96: 69.089839 | R96: 74.265816 | S96: 71.519554 | T96: 69.876622 | U96: 74.922182 | V96: 74.220922 | W96: 66.553344 | X96: 70.660416 | Y96: 73.322293 | Z96: =E96-G96 -> -3.2156123 | AA96: =H96-J96 -> -2.2499337 | AB96: =K96-M96 -> -1.2337014 | AC96: =N96-P96 -> -0.90119918 | AD96: =Q96-S96 -> -2.429715 | AE96: =T96-V96 -> -4.3442993 | AF96: =W96-Y96 -> -6.7689488 | AG96: =E96-F96 -> -1.7418793 | AH96: =F96-G96 -> -1.473733 | AI96: =K96-L96 -> -4.0237661 | AJ96: =N96-O96 -> -5.1357526 | AK96: =Q96-R96 -> -5.1759761 | AL96: =T96-U96 -> -5.0455599 | AM96: =W96-X96 -> -4.1070721 | AN96: =IF(AF96<-2,C96,IF(AE96<-2,C96,"")) -> BI-RUI-010LD | AO96: =IF(AM96<-2,C96,IF(AL96<-2,C96,"")) -> BI-RUI-010LD
A97: 632 | B97: octubre | C97: BI-RUI-010LD | E97: 66.647931 | F97: 66.878309 | G97: 65.886922 | H97: 67.054896 | I97: 71.067826 | J97: 64.638415 | K97: 68.968166 | L97: 70.270718 | M97: 69.766552 | N97: 66.361336 | O97: 71.639554 | P97: 67.44084 | Q97: 68.297422 | R97: 74.591831 | S97: 70.652514 | T97: 71.745121 | U97: 76.562076 | V97: 73.290865 | W97: 70.429774 | X97: 71.52644 | Y97: 72.921037 | Z97: =E97-G97 -> 0.76100889 | AA97: =H97-J97 -> 2.4164815 | AB97: =K97-M97 -> -0.79838569 | AC97: =N97-P97 -> -1.079504 | AD97: =Q97-S97 -> -2.3550912 | AE97: =T97-V97 -> -1.5457446 | AF97: =W97-Y97 -> -2.4912628 | AG97: =E97-F97 -> -0.23037795 | AH97: =F97-G97 -> 0.99138684 | AI97: =K97-L97 -> -1.3025517 | AJ97: =N97-O97 -> -5.2782185 | AK97: =Q97-R97 -> -6.2944082 | AL97: =T97-U97 -> -4.8169548 | AM97: =W97-X97 -> -1.0966654 | AN97: =IF(AF97<-2,C97,IF(AE97<-2,C97,"")) -> BI-RUI-010LD | AO97: =IF(AM97<-2,C97,IF(AL97<-2,C97,"")) -> BI-RUI-010LD
A98: 571 | B98: noviembre | C98: BI-RUI-010LD | E98: 69.887286 | F98: 63.64388 | G98: 63.655851 | H98: 67.732667 | I98: 67.708461 | J98: 68.320612 | K98: 67.813424 | L98: 69.035223 | M98: 62.478897 | N98: 70.83247 | O98: 71.768833 | P98: 66.484141 | Q98: 71.066894 | R98: 75.380904 | S98: 71.709113 | T98: 72.892181 | U98: 77.169659 | V98: 73.634497 | W98: 70.781803 | X98: 72.004465 | Y98: 73.915562 | Z98: =E98-G98 -> 6.231435 | AA98: =H98-J98 -> -0.58794462 | AB98: =K98-M98 -> 5.3345263 | AC98: =N98-P98 -> 4.3483292 | AD98: =Q98-S98 -> -0.6422192 | AE98: =T98-V98 -> -0.74231539 | AF98: =W98-Y98 -> -3.1337594 | AG98: =E98-F98 -> 6.2434055 | AH98: =F98-G98 -> -0.011970469 | AI98: =K98-L98 -> -1.2217994 | AJ98: =N98-O98 -> -0.93636271 | AK98: =Q98-R98 -> -4.3140106 | AL98: =T98-U98 -> -4.2774775 | AM98: =W98-X98 -> -1.2226627 | AN98: =IF(AF98<-2,C98,IF(AE98<-2,C98,"")) -> BI-RUI-010LD | AO98: =IF(AM98<-2,C98,IF(AL98<-2,C98,"")) -> BI-RUI-010LD
A99: 133 | B99: diciembre | C99: BI-RUI-010LD | E99: 66.972111 | F99: 67.736155 | G99: 64.44965 | H99: 67.644215 | I99: 69.885574 | J99: 64.087326 | K99: 71.781063 | L99: 75.745777 | M99: 68.549151 | N99: 69.135825 | O99: 74.127231 | P99: 71.093679 | Q99: 71.473619 | R99: 76.97644 | S99: 71.509725 | T99: 71.930981 | U99: 76.046848 | V99: 74.147403 | W99: 70.608595 | X99: 71.206127 | Y99: 72.044119 | Z99: =E99-G99 -> 2.5224613 | AA99: =H99-J99 -> 3.556889 | AB99: =K99-M99 -> 3.2319124 | AC99: =N99-P99 -> -1.9578547 | AD99: =Q99-S99 -> -0.03610643 | AE99: =T99-V99 -> -2.2164221 | AF99: =W99-Y99 -> -1.4355233 | AG99: =E99-F99 -> -0.764044 | AH99: =F99-G99 -> 3.2865053 | AI99: =K99-L99 -> -3.9647134 | AJ99: =N99-O99 -> -4.9914059 | AK99: =Q99-R99 -> -5.5028208 | AL99: =T99-U99 -> -4.115867 | AM99: =W99-X99 -> -0.59753152 | AN99: =IF(AF99<-2,C99,IF(AE99<-2,C99,"")) -> BI-RUI-010LD | AO99: =IF(AM99<-2,C99,IF(AL99<-2,C99,"")) -> BI-RUI-010LD
A100: 195 | B100: enero | C100: BI-RUI-011LD | D100: Jardines (CV) | E100: 71.255633 | F100: 69.920466 | G100: 63.840284 | H100: 72.176264 | I100: 72.248374 | J100: 65.33501 | K100: 71.493378 | L100: 71.411606 | M100: 66.662069 | N100: 72.520063 | O100: 72.766615 | P100: 67.264011 | Q100: 71.788189 | R100: 71.519279 | S100: 67.193991 | T100: 72.640426 | U100: 75.954366 | V100: 68.290333 | W100: 71.737827 | X100: 68.233527 | Y100: 69.008181 | Z100: =E100-G100 -> 7.4153499 | AA100: =H100-J100 -> 6.8412538 | AB100: =K100-M100 -> 4.8313094 | AC100: =N100-P100 -> 5.2560525 | AD100: =Q100-S100 -> 4.5941977 | AE100: =T100-V100 -> 4.3500932 | AF100: =W100-Y100 -> 2.7296453 | AG100: =E100-F100 -> 1.3351677 | AH100: =F100-G100 -> 6.0801822 | AI100: =K100-L100 -> 0.081772128 | AJ100: =N100-O100 -> -0.24655152 | AK100: =Q100-R100 -> 0.26890983 | AL100: =T100-U100 -> -3.3139392 | AM100: =W100-X100 -> 3.5043 | AN100: =IF(AF100<-2,C100,IF(AE100<-2,C100,"")) | AO100: =IF(AM100<-2,C100,IF(AL100<-2,C100,"")) -> BI-RUI-011LD
A101: 258 | B101: febrero | C101: BI-RUI-011LD | E101: 74.388304 | F101: 73.855075 | G101: 65.195778 | H101: 74.266581 | I101: 71.672611 | J101: 61.936534 | K101: 74.74748 | L101: 75.64198 | M101: 67.640525 | N101: 74.887264 | O101: 73.272983 | P101: 69.788068 | Q101: 74.623938 | R101: 76.645144 | S101: 67.605119 | T101: 75.224322 | U101: 77.465995 | V101: 70.76012 | W101: 74.85257 | X101: 72.727867 | Y101: 70.776001 | Z101: =E101-G101 -> 9.1925264 | AA101: =H101-J101 -> 12.330047 | AB101: =K101-M101 -> 7.1069548 | AC101: =N101-P101 -> 5.0991957 | AD101: =Q101-S101 -> 7.0188185 | AE101: =T101-V101 -> 4.464202 | AF101: =W101-Y101 -> 4.0765693 | AG101: =E101-F101 -> 0.53322892 | AH101: =F101-G101 -> 8.6592975 | AI101: =K101-L101 -> -0.8945008 | AJ101: =N101-O101 -> 1.6142806 | AK101: =Q101-R101 -> -2.0212055 | AL101: =T101-U101 -> -2.2416729 | AM101: =W101-X101 -> 2.1247036 | AN101: =IF(AF101<-2,C101,IF(AE101<-2,C101,"")) | AO101: =IF(AM101<-2,C101,IF(AL101<-2,C101,"")) -> BI-RUI-011LD
A102: 446 | B102: marzo | C102: BI-RUI-011LD | E102: 68.873234 | F102: 69.500202 | G102: 63.480922 | H102: 68.550181 | I102: 69.611566 | J102: 62.222286 | K102: 70.69405 | L102: 71.763025 | M102: 62.39978 | N102: 71.111002 | O102: 71.514688 | P102: 64.128392 | Q102: 72.320987 | R102: 73.899511 | S102: 66.999797 | T102: 73.547791 | U102: 77.62222 | V102: 68.91802 | W102: 72.557991 | X102: 69.428067 | Y102: 67.990428 | Z102: =E102-G102 -> 5.3923112 | AA102: =H102-J102 -> 6.3278942 | AB102: =K102-M102 -> 8.29427 | AC102: =N102-P102 -> 6.9826104 | AD102: =Q102-S102 -> 5.3211902 | AE102: =T102-V102 -> 4.6297708 | AF102: =W102-Y102 -> 4.5675631 | AG102: =E102-F102 -> -0.62696862 | AH102: =F102-G102 -> 6.0192798 | AI102: =K102-L102 -> -1.0689745 | AJ102: =N102-O102 -> -0.40368549 | AK102: =Q102-R102 -> -1.578524 | AL102: =T102-U102 -> -4.0744291 | AM102: =W102-X102 -> 3.1299238 | AN102: =IF(AF102<-2,C102,IF(AE102<-2,C102,"")) | AO102: =IF(AM102<-2,C102,IF(AL102<-2,C102,"")) -> BI-RUI-011LD
A103: 8 | B103: abril | C103: BI-RUI-011LD | E103: 68.137225 | F103: 65.53992 | G103: 57.433175 | H103: 67.590992 | I103: 69.20582 | J103: 57.796281 | K103: 67.881441 | L103: 70.251016 | M103: 59.277651 | N103: 68.423141 | O103: 73.320082 | P103: 61.512697 | Q103: 69.698427 | R103: 74.236796 | S103: 64.650603 | T103: 73.628603 | U103: 76.602237 | V103: 65.084234 | W103: 71.183395 | X103: 71.801209 | Y103: 64.213048 | Z103: =E103-G103 -> 10.70405 | AA103: =H103-J103 -> 9.7947113 | AB103: =K103-M103 -> 8.6037898 | AC103: =N103-P103 -> 6.9104442 | AD103: =Q103-S103 -> 5.0478246 | AE103: =T103-V103 -> 8.5443689 | AF103: =W103-Y103 -> 6.9703471 | AG103: =E103-F103 -> 2.5973059 | AH103: =F103-G103 -> 8.1067444 | AI103: =K103-L103 -> -2.3695743 | AJ103: =N103-O103 -> -4.8969407 | AK103: =Q103-R103 -> -4.5383684 | AL103: =T103-U103 -> -2.9736344 | AM103: =W103-X103 -> -0.61781424 | AN103: =IF(AF103<-2,C103,IF(AE103<-2,C103,"")) | AO103: =IF(AM103<-2,C103,IF(AL103<-2,C103,"")) -> BI-RUI-011LD
A104: 509 | B104: mayo | C104: BI-RUI-011LD | E104: 68.944434 | F104: 67.679108 | G104: 62.501791 | H104: 68.219473 | I104: 68.104819 | J104: 58.783454 | K104: 67.966123 | L104: 69.120441 | M104: 61.061261 | N104: 69.405891 | O104: 70.079916 | P104: 60.459362 | Q104: 70.007351 | R104: 73.989585 | S104: 66.291824 | T104: 72.851427 | U104: 74.153831 | V104: 66.090041 | W104: 70.913598 | X104: 66.49408 | Y104: 62.516961 | Z104: =E104-G104 -> 6.4426435 | AA104: =H104-J104 -> 9.4360192 | AB104: =K104-M104 -> 6.9048622 | AC104: =N104-P104 -> 8.9465289 | AD104: =Q104-S104 -> 3.7155268 | AE104: =T104-V104 -> 6.7613855 | AF104: =W104-Y104 -> 8.3966364 | AG104: =E104-F104 -> 1.2653263 | AH104: =F104-G104 -> 5.1773173 | AI104: =K104-L104 -> -1.1543174 | AJ104: =N104-O104 -> -0.6740252 | AK104: =Q104-R104 -> -3.9822338 | AL104: =T104-U104 -> -1.3024043 | AM104: =W104-X104 -> 4.4195172 | AN104: =IF(AF104<-2,C104,IF(AE104<-2,C104,"")) | AO104: =IF(AM104<-2,C104,IF(AL104<-2,C104,""))
A105: 383 | B105: junio | C105: BI-RUI-011LD | E105: 66.434448 | F105: 65.605715 | G105: 55.386451 | H105: 67.922149 | I105: 68.88977 | J105: 58.835987 | K105: 69.027469 | L105: 70.151545 | M105: 58.739396 | N105: 68.726293 | O105: 74.015055 | P105: 60.013017 | Q105: 69.316358 | R105: 81.415225 | S105: 64.766154 | T105: 71.903475 | U105: 73.75072 | V105: 66.142609 | W105: 71.670859 | X105: 67.014663 | Y105: 62.063135 | Z105: =E105-G105 -> 11.047997 | AA105: =H105-J105 -> 9.0861625 | AB105: =K105-M105 -> 10.288074 | AC105: =N105-P105 -> 8.7132759 | AD105: =Q105-S105 -> 4.5502042 | AE105: =T105-V105 -> 5.7608665 | AF105: =W105-Y105 -> 9.6077235 | AG105: =E105-F105 -> 0.8287334 | AH105: =F105-G105 -> 10.219264 | AI105: =K105-L105 -> -1.1240755 | AJ105: =N105-O105 -> -5.2887619 | AK105: =Q105-R105 -> -12.098867 | AL105: =T105-U105 -> -1.8472448 | AM105: =W105-X105 -> 4.6561959 | AN105: =IF(AF105<-2,C105,IF(AE105<-2,C105,"")) | AO105: =IF(AM105<-2,C105,IF(AL105<-2,C105,""))
A106: 320 | B106: julio | C106: BI-RUI-011LD | E106: 70.621234 | F106: 69.829058 | G106: 63.676114 | H106: 70.258334 | I106: 71.440339 | J106: 61.391362 | K106: 70.370948 | L106: 71.804473 | M106: 63.248372 | N106: 69.956688 | O106: 71.946479 | P106: 63.391683 | Q106: 71.383449 | R106: 73.724277 | S106: 65.598406 | T106: 71.598894 | U106: 73.886657 | V106: 66.272494 | W106: 70.962933 | X106: 71.049158 | Y106: 64.457602 | Z106: =E106-G106 -> 6.9451197 | AA106: =H106-J106 -> 8.866972 | AB106: =K106-M106 -> 7.1225764 | AC106: =N106-P106 -> 6.5650048 | AD106: =Q106-S106 -> 5.7850432 | AE106: =T106-V106 -> 5.3264005 | AF106: =W106-Y106 -> 6.5053311 | AG106: =E106-F106 -> 0.79217587 | AH106: =F106-G106 -> 6.1529438 | AI106: =K106-L106 -> -1.4335248 | AJ106: =N106-O106 -> -1.9897909 | AK106: =Q106-R106 -> -2.3408281 | AL106: =T106-U106 -> -2.2877629 | AM106: =W106-X106 -> -0.086225717 | AN106: =IF(AF106<-2,C106,IF(AE106<-2,C106,"")) | AO106: =IF(AM106<-2,C106,IF(AL106<-2,C106,"")) -> BI-RUI-011LD
A107: 71 | B107: agosto | C107: BI-RUI-011LD | E107: 73.656759 | F107: 76.61749 | G107: 72.929414 | H107: 75.219239 | I107: 76.94634 | J107: 70.380486 | K107: 74.352084 | L107: 74.96389 | M107: 70.206331 | N107: 76.686147 | O107: 80.107881 | P107: 70.985233 | Q107: 75.572689 | R107: 78.045147 | S107: 72.996568 | T107: 76.768578 | U107: 81.6439 | V107: 73.630108 | W107: 79.046116 | X107: 75.899686 | Y107: 73.635027 | Z107: =E107-G107 -> 0.72734492 | AA107: =H107-J107 -> 4.8387533 | AB107: =K107-M107 -> 4.145753 | AC107: =N107-P107 -> 5.7009141 | AD107: =Q107-S107 -> 2.5761204 | AE107: =T107-V107 -> 3.1384699 | AF107: =W107-Y107 -> 5.4110886 | AG107: =E107-F107 -> -2.9607312 | AH107: =F107-G107 -> 3.6880762 | AI107: =K107-L107 -> -0.61180572 | AJ107: =N107-O107 -> -3.4217343 | AK107: =Q107-R107 -> -2.4724584 | AL107: =T107-U107 -> -4.8753218 | AM107: =W107-X107 -> 3.1464295 | AN107: =IF(AF107<-2,C107,IF(AE107<-2,C107,"")) | AO107: =IF(AM107<-2,C107,IF(AL107<-2,C107,"")) -> BI-RUI-011LD
A108: 695 | B108: septiembre | C108: BI-RUI-011LD | E108: 71.939138 | F108: 73.971356 | G108: 68.320639 | H108: 74.924462 | I108: 77.073373 | J108: 67.80407 | K108: 73.601102 | L108: 75.196007 | M108: 68.926046 | N108: 73.38015 | O108: 75.093446 | P108: 66.46263 | Q108: 74.162988 | R108: 76.618803 | S108: 69.381516 | T108: 74.687507 | U108: 77.231246 | V108: 71.402547 | W108: 73.926521 | X108: 72.226183 | Y108: 70.142217 | Z108: =E108-G108 -> 3.618499 | AA108: =H108-J108 -> 7.1203913 | AB108: =K108-M108 -> 4.6750552 | AC108: =N108-P108 -> 6.9175204 | AD108: =Q108-S108 -> 4.7814719 | AE108: =T108-V108 -> 3.2849601 | AF108: =W108-Y108 -> 3.7843043 | AG108: =E108-F108 -> -2.0322188 | AH108: =F108-G108 -> 5.6507179 | AI108: =K108-L108 -> -1.5949053 | AJ108: =N108-O108 -> -1.713296 | AK108: =Q108-R108 -> -2.4558149 | AL108: =T108-U108 -> -2.5437385 | AM108: =W108-X108 -> 1.7003388 | AN108: =IF(AF108<-2,C108,IF(AE108<-2,C108,"")) | AO108: =IF(AM108<-2,C108,IF(AL108<-2,C108,"")) -> BI-RUI-011LD
A109: 633 | B109: octubre | C109: BI-RUI-011LD | E109: 73.61295 | F109: 74.791989 | G109: 67.841169 | H109: 74.465264 | I109: 76.672432 | J109: 67.625226 | K109: 75.17266 | L109: 76.374828 | M109: 69.526618 | N109: 75.586683 | O109: 76.199917 | P109: 69.230416 | Q109: 75.98548 | R109: 77.574958 | S109: 71.914116 | T109: 75.520747 | U109: 77.452563 | V109: 71.344994 | W109: 75.082447 | X109: 73.68277 | Y109: 71.209542 | Z109: =E109-G109 -> 5.7717812 | AA109: =H109-J109 -> 6.8400389 | AB109: =K109-M109 -> 5.6460421 | AC109: =N109-P109 -> 6.3562674 | AD109: =Q109-S109 -> 4.0713646 | AE109: =T109-V109 -> 4.1757534 | AF109: =W109-Y109 -> 3.8729047 | AG109: =E109-F109 -> -1.1790389 | AH109: =F109-G109 -> 6.9508202 | AI109: =K109-L109 -> -1.2021674 | AJ109: =N109-O109 -> -0.61323391 | AK109: =Q109-R109 -> -1.5894772 | AL109: =T109-U109 -> -1.9318157 | AM109: =W109-X109 -> 1.3996765 | AN109: =IF(AF109<-2,C109,IF(AE109<-2,C109,"")) | AO109: =IF(AM109<-2,C109,IF(AL109<-2,C109,""))
A110: 572 | B110: noviembre | C110: BI-RUI-011LD | E110: 69.85479 | F110: 67.757028 | G110: 63.175869 | H110: 71.051439 | I110: 70.197364 | J110: 65.414752 | K110: 71.015236 | L110: 70.540081 | M110: 64.13252 | N110: 71.301985 | O110: 72.110949 | P110: 66.147096 | Q110: 72.782547 | R110: 74.920633 | S110: 68.677076 | T110: 74.248635 | U110: 76.205373 | V110: 69.790471 | W110: 72.989314 | X110: 69.380024 | Y110: 68.354981 | Z110: =E110-G110 -> 6.6789204 | AA110: =H110-J110 -> 5.6366873 | AB110: =K110-M110 -> 6.8827168 | AC110: =N110-P110 -> 5.1548889 | AD110: =Q110-S110 -> 4.1054706 | AE110: =T110-V110 -> 4.4581641 | AF110: =W110-Y110 -> 4.6343339 | AG110: =E110-F110 -> 2.0977614 | AH110: =F110-G110 -> 4.5811591 | AI110: =K110-L110 -> 0.47515515 | AJ110: =N110-O110 -> -0.80896386 | AK110: =Q110-R110 -> -2.138086 | AL110: =T110-U110 -> -1.9567381 | AM110: =W110-X110 -> 3.6092908 | AN110: =IF(AF110<-2,C110,IF(AE110<-2,C110,"")) | AO110: =IF(AM110<-2,C110,IF(AL110<-2,C110,""))
A111: 134 | B111: diciembre | C111: BI-RUI-011LD | E111: 68.986501 | F111: 72.791876 | G111: 59.31675 | H111: 71.350309 | I111: 72.747151 | J111: 64.386342 | K111: 73.258056 | L111: 75.081114 | M111: 66.192001 | N111: 72.850574 | O111: 74.908794 | P111: 68.371978 | Q111: 73.244497 | R111: 75.595743 | S111: 69.307582 | T111: 74.253274 | U111: 74.94446 | V111: 68.737735 | W111: 72.655045 | X111: 70.370437 | Y111: 68.544733 | Z111: =E111-G111 -> 9.6697502 | AA111: =H111-J111 -> 6.9639674 | AB111: =K111-M111 -> 7.0660545 | AC111: =N111-P111 -> 4.478596 | AD111: =Q111-S111 -> 3.9369148 | AE111: =T111-V111 -> 5.515539 | AF111: =W111-Y111 -> 4.1103126 | AG111: =E111-F111 -> -3.805375 | AH111: =F111-G111 -> 13.475125 | AI111: =K111-L111 -> -1.8230581 | AJ111: =N111-O111 -> -2.0582202 | AK111: =Q111-R111 -> -2.3512462 | AL111: =T111-U111 -> -0.6911858 | AM111: =W111-X111 -> 2.2846083 | AN111: =IF(AF111<-2,C111,IF(AE111<-2,C111,"")) | AO111: =IF(AM111<-2,C111,IF(AL111<-2,C111,""))
A112: 196 | B112: enero | C112: BI-RUI-013LD | E112: 65.919193 | F112: 63.943515 | G112: 54.079161 | H112: 65.627426 | I112: 62.726622 | J112: 59.183911 | K112: 65.074848 | L112: 64.205476 | M112: 56.417481 | N112: 67.153956 | O112: 66.82245 | P112: 59.043952 | Q112: 66.028705 | R112: 67.186454 | S112: 61.1575 | T112: 68.996195 | U112: 69.881238 | V112: 61.667693 | W112: 66.296752 | X112: 61.420171 | Y112: 62.172551 | Z112: =E112-G112 -> 11.840031 | AA112: =H112-J112 -> 6.4435154 | AB112: =K112-M112 -> 8.6573674 | AC112: =N112-P112 -> 8.1100035 | AD112: =Q112-S112 -> 4.8712048 | AE112: =T112-V112 -> 7.3285022 | AF112: =W112-Y112 -> 4.1242002 | AG112: =E112-F112 -> 1.9756776 | AH112: =F112-G112 -> 9.8643539 | AI112: =K112-L112 -> 0.86937172 | AJ112: =N112-O112 -> 0.33150597 | AK112: =Q112-R112 -> -1.1577483 | AL112: =T112-U112 -> -0.88504279 | AM112: =W112-X112 -> 4.8765806 | AN112: =IF(AF112<-2,C112,IF(AE112<-2,C112,"")) | AO112: =IF(AM112<-2,C112,IF(AL112<-2,C112,""))
... A147: 137 | B147: diciembre | C147: BI-RUI-016LD | E147: 63.612379 | F147: 67.914398 | G147: 64.461152 | H147: 64.421094 | I147: 67.685602 | J147: 64.442226 | K147: 68.73932 | L147: 74.339836 | M147: 67.400091 | N147: 65.946229 | O147: 70.746967 | P147: 69.781189 | Q147: 68.366937 | R147: 76.943381 | S147: 70.701643 | T147: 70.721922 | U147: 74.932287 | V147: 73.955255 | W147: 63.836243 | X147: 68.927676 | Y147: 70.691676 | Z147: =E147-G147 -> -0.848773 | AA147: =H147-J147 -> -0.021131671 | AB147: =K147-M147 -> 1.3392291 | AC147: =N147-P147 -> -3.8349603 | AD147: =Q147-S147 -> -2.3347056 | AE147: =T147-V147 -> -3.2333334 | AF147: =W147-Y147 -> -6.8554327 | AG147: =E147-F147 -> -4.3020189 | AH147: =F147-G147 -> 3.4532459 | AI147: =K147-L147 -> -5.6005154 | AJ147: =N147-O147 -> -4.8007378 | AK147: =Q147-R147 -> -8.5764439 | AL147: =T147-U147 -> -4.2103652 | AM147: =W147-X147 -> -5.0914329 | AN147: =IF(AF147<-2,C147,IF(AE147<-2,C147,"")) -> BI-RUI-016LD | AO147: =IF(AM147<-2,C147,IF(AL147<-2,C147,"")) -> BI-RUI-016LD
A148: 199 | B148: enero | C148: BI-RUI-017LD | D148: Somera (CV) | E148: 61.719662 | F148: 63.109332 | G148: 54.143036 | H148: 63.020881 | I148: 64.521776 | J148: 55.26808 | K148: 62.385734 | L148: 66.695476 | M148: 55.551753 | N148: 62.171023 | O148: 70.580935 | P148: 62.281655 | Q148: 63.067542 | R148: 74.217788 | S148: 67.708825 | T148: 69.458443 | U148: 76.739726 | V148: 70.759232 | W148: 65.584353 | X148: 61.494166 | Y148: 68.531417 | Z148: =E148-G148 -> 7.5766264 | AA148: =H148-J148 -> 7.7528007 | AB148: =K148-M148 -> 6.8339808 | AC148: =N148-P148 -> -0.11063164 | AD148: =Q148-S148 -> -4.6412823 | AE148: =T148-V148 -> -1.3007891 | AF148: =W148-Y148 -> -2.9470642 | AG148: =E148-F148 -> -1.3896696 | AH148: =F148-G148 -> 8.966296 | AI148: =K148-L148 -> -4.3097416 | AJ148: =N148-O148 -> -8.4099114 | AK148: =Q148-R148 -> -11.150246 | AL148: =T148-U148 -> -7.2812836 | AM148: =W148-X148 -> 4.0901865 | AN148: =IF(AF148<-2,C148,IF(AE148<-2,C148,"")) -> BI-RUI-017LD | AO148: =IF(AM148<-2,C148,IF(AL148<-2,C148,"")) -> BI-RUI-017LD
A149: 262 | B149: febrero | C149: BI-RUI-017LD | E149: 61.836625 | F149: 61.190463 | G149: 53.624982 | H149: 62.624125 | I149: 63.757387 | J149: 51.64586 | K149: 62.36789 | L149: 65.198262 | M149: 53.762864 | N149: 62.365189 | O149: 74.00115 | P149: 65.605086 | Q149: 63.228246 | R149: 74.496955 | S149: 69.924114 | T149: 70.135753 | U149: 76.34314 | V149: 69.74334 | W149: 65.510373 | X149: 58.076362 | Y149: 69.275803 | Z149: =E149-G149 -> 8.2116434 | AA149: =H149-J149 -> 10.978265 | AB149: =K149-M149 -> 8.6050259 | AC149: =N149-P149 -> -3.2398966 | AD149: =Q149-S149 -> -6.6958688 | AE149: =T149-V149 -> 0.39241321 | AF149: =W149-Y149 -> -3.7654301 | AG149: =E149-F149 -> 0.64616218 | AH149: =F149-G149 -> 7.5654812 | AI149: =K149-L149 -> -2.8303718 | AJ149: =N149-O149 -> -11.635961 | AK149: =Q149-R149 -> -11.26871 | AL149: =T149-U149 -> -6.207387 | AM149: =W149-X149 -> 7.4340104 | AN149: =IF(AF149<-2,C149,IF(AE149<-2,C149,"")) -> BI-RUI-017LD | AO149: =IF(AM149<-2,C149,IF(AL149<-2,C149,"")) -> BI-RUI-017LD
...

Sheet AnálisiABI
H1: Value | BC1: 58 | BF1: 53
H2: Monday | K2: Tuesday | N2: Wednesday | Q2: Thursday | T2: Friday | W2: Saturday | Z2: Sunday | AD2: Año completo | AF2: Lunes | AG2: Martes | AH2: Miércoles | AI2: Jueves | AJ2: Viernes | AK2: Sábado | AL2: Domingo | AM2: Lunes | AN2: Martes | AO2: Miércoles | AP2: Jueves | AQ2: Viernes | AR2: Sábado | AS2: Domingo | AT2: Lunes | AU2: Martes | AV2: Miércoles | AW2: Jueves | AX2: Viernes | AY2: Sábado | AZ2: Domingo | BC2: Sonometros | BF2: Sonometros
B3: Mes | C3: Tag | E3: Ld | F3: Le | G3: Ln | H3: dia | I3: tarde | J3: noche | K3: dia | L3: tarde | M3: noche | N3: dia | O3: tarde | P3: noche | Q3: dia | R3: tarde | S3: noche | T3: dia | U3: tarde | V3: noche | W3: dia | X3: tarde | Y3: noche | Z3: dia | AA3: tarde | AB3: noche | AC3: Ld-Ln | AD3: Ld-Le | AE3: Le-Ln | AF3: Ld-Ln | AG3: Ld-Ln | AH3: Ld-Ln | AI3: Ld-Ln | AJ3: Ld-Ln | AK3: Ld-Ln | AL3: Ld-Ln | AM3: Ld-Le | AN3: Ld-Le | AO3: Ld-Le | AP3: Ld-Le | AQ3: Ld-Le | AR3: Ld-Le | AS3: Ld-Le | AT3: Le-Ln | AU3: Le-Ln | AV3: Le-Ln | AW3: Le-Ln | AX3: Le-Ln | AY3: Le-Ln | AZ3: Le-Ln | BA3: Sonómetros con Perfil noche | BB3: Sonómetros con Perfil tarde | BC3: Perfil Noche | BF3: Perfil Tarde | BI3: Total Red
A4: 187 | B4: enero | C4: BI-RUI-001LD | D4: Rgez. Arias | E4: =10*LOG((1/7)*(10^(H4/10)+10^(K4/10)+10^(N4/10)+10^(Q4/10)+10^(T4/10)+10^(W4/10)+10^(Z4/10))) -> 64.175887 | F4: =10*LOG((1/7)*(10^(I4/10)+10^(L4/10)+10^(O4/10)+10^(R4/10)+10^(U4/10)+10^(X4/10)+10^(AA4/10))) -> 62.07926 | G4: =10*LOG((1/7)*(10^(J4/10)+10^(M4/10)+10^(P4/10)+10^(S4/10)+10^(V4/10)+10^(Y4/10)+10^(AB4/10))) -> 67.277129 | H4: 62.658795 | I4: 62.476106 | J4: 60.494662 | K4: 62.935587 | L4: 60.60414 | M4: 62.766541 | N4: 66.611396 | O4: 62.119917 | P4: 67.73573 | Q4: 62.907461 | R4: 62.004881 | S4: 61.88153 | T4: 66.467463 | U4: 63.06384 | V4: 68.529278 | W4: 62.893726 | X4: 62.271837 | Y4: 70.64724 | Z4: 61.994614 | AA4: 61.622052 | AB4: 69.121966 | AC4: =E4-G4 -> -3.1012418 | AD4: =E4-F4 -> 2.0966274 | AE4: =F4-G4 -> -5.1978693 | AF4: =H4-J4 -> 2.164133 | AG4: =K4-M4 -> 0.16904626 | AH4: =N4-P4 -> -1.1243341 | AI4: =Q4-S4 -> 1.025931 | AJ4: =T4-V4 -> -2.0618157 | AK4: =W4-Y4 -> -7.7535144 | AL4: =Z4-AB4 -> -7.1273529 | AM4: =H4-I4 -> 0.18268929 | AN4: =I4-J4 -> 1.9814437 | AO4: =N4-O4 -> 4.4914786 | AP4: =Q4-R4 -> 0.9025799 | AQ4: =T4-U4 -> 3.403623 | AR4: =W4-X4 -> 0.62188902 | AS4: =Z4-AA4 -> 0.37256116 | AT4: =I4-J4 -> 1.9814437 | AU4: =L4-M4 -> -2.1624011 | AV4: =O4-P4 -> -5.6158128 | AW4: =R4-S4 -> 0.12335111 | AX4: =U4-V4 -> -5.4654387 | AY4: =X4-Y4 -> -8.3754035 | AZ4: =AA4-AB4 -> -7.4999141 | BA4: =IF(AB4>55,IF(AL4<2,C4,IF(Y4>55,IF(AK4<2,C4,IF(V4>55,IF(AJ4<2,C4,"")))))) -> BI-RUI-001LD | BB4: =IF(AA4>65,IF(AS4<2,C4,IF(X4>65,IF(AR4<2,C4,IF(U4>65,IF(AQ4<2,C4,"")))))) -> FALSE | BC4: {=_xlfn.UNIQUE(BA4:BA821)} -> #VALUE!
A5: 250 | B5: febrero | C5: BI-RUI-001LD | E5: =10*LOG((1/7)*(10^(H5/10)+10^(K5/10)+10^(N5/10)+10^(Q5/10)+10^(T5/10)+10^(W5/10)+10^(Z5/10))) -> 64.044978 | F5: =10*LOG((1/7)*(10^(I5/10)+10^(L5/10)+10^(O5/10)+10^(R5/10)+10^(U5/10)+10^(X5/10)+10^(AA5/10))) -> 61.230562 | G5: =10*LOG((1/7)*(10^(J5/10)+10^(M5/10)+10^(P5/10)+10^(S5/10)+10^(V5/10)+10^(Y5/10)+10^(AB5/10))) -> 66.245039 | H5: 63.347523 | I5: 59.768522 | J5: 59.805261 | K5: 64.505799 | L5: 62.675691 | M5: 60.824725 | N5: 63.481903 | O5: 60.467503 | P5: 62.059144 | Q5: 63.733194 | R5: 61.346972 | S5: 61.365897 | T5: 66.231968 | U5: 63.272475 | V5: 68.484382 | W5: 63.21594 | X5: 60.59231 | Y5: 70.470423 | Z5: 62.77499 | AA5: 58.723377 | AB5: 67.885564 | AC5: =E5-G5 -> -2.2000612 | AD5: =E5-F5 -> 2.8144156 | AE5: =F5-G5 -> -5.0144769 | AF5: =H5-J5 -> 3.542262 | AG5: =K5-M5 -> 3.6810739 | AH5: =N5-P5 -> 1.4227596 | AI5: =Q5-S5 -> 2.3672965 | AJ5: =T5-V5 -> -2.2524137 | AK5: =W5-Y5 -> -7.254483 | AL5: =Z5-AB5 -> -5.1105732 | AM5: =H5-I5 -> 3.5790011 | AN5: =I5-J5 -> -0.036739171 | AO5: =N5-O5 -> 3.0143999 | AP5: =Q5-R5 -> 2.3862219 | AQ5: =T5-U5 -> 2.9594932 | AR5: =W5-X5 -> 2.6236301 | AS5: =Z5-AA5 -> 4.051613 | AT5: =I5-J5 -> -0.036739171 | AU5: =L5-M5 -> 1.8509654 | AV5: =O5-P5 -> -1.5916403 | AW5: =R5-S5 -> -0.018925448 | AX5: =U5-V5 -> -5.2119069 | AY5: =X5-Y5 -> -9.8781131 | AZ5: =AA5-AB5 -> -9.1621862 | BA5: =IF(AB5>55,IF(AL5<2,C5,IF(Y5>55,IF(AK5<2,C5,IF(V5>55,IF(AJ5<2,C5,"")))))) -> BI-RUI-001LD | BB5: =IF(AA5>65,IF(AS5<2,C5,IF(X5>65,IF(AR5<2,C5,IF(U5>65,IF(AQ5<2,C5,"")))))) -> FALSE | BC5: {=_xlfn.UNIQUE(BA5:BA822)} -> #VALUE! | BD5: 44 sonómetros | BF5: {=_xlfn.UNIQUE(BB4:BB821)} -> FALSE | BI5: {=_xlfn.UNIQUE(C4:C821)} -> BI-RUI-001LD
A6: 438 | B6: marzo | C6: BI-RUI-001LD | E6: =10*LOG((1/7)*(10^(H6/10)+10^(K6/10)+10^(N6/10)+10^(Q6/10)+10^(T6/10)+10^(W6/10)+10^(Z6/10))) -> 64.260378 | F6: =10*LOG((1/7)*(10^(I6/10)+10^(L6/10)+10^(O6/10)+10^(R6/10)+10^(U6/10)+10^(X6/10)+10^(AA6/10))) -> 62.009329 | G6: =10*LOG((1/7)*(10^(J6/10)+10^(M6/10)+10^(P6/10)+10^(S6/10)+10^(V6/10)+10^(Y6/10)+10^(AB6/10))) -> 66.941752 | H6: 64.627038 | I6: 60.730735 | J6: 60.852731 | K6: 64.157622 | L6: 61.184763 | M6: 61.734293 | N6: 65.110056 | O6: 60.831295 | P6: 60.881975 | Q6: 63.813905 | R6: 61.203351 | S6: 61.576753 | T6: 66.334472 | U6: 62.720985 | V6: 69.215179 | W6: 62.326535 | X6: 62.392355 | Y6: 70.790639 | Z6: 61.773812 | AA6: 63.953514 | AB6: 69.494636 | AC6: =E6-G6 -> -2.6813737 | AD6: =E6-F6 -> 2.2510491 | AE6: =F6-G6 -> -4.9324228 | AF6: =H6-J6 -> 3.774307 | AG6: =K6-M6 -> 2.4233286 | AH6: =N6-P6 -> 4.2280804 | AI6: =Q6-S6 -> 2.2371518 | AJ6: =T6-V6 -> -2.880707 | AK6: =W6-Y6 -> -8.4641045 | AL6: =Z6-AB6 -> -7.7208234 | AM6: =H6-I6 -> 3.8963025 | AN6: =I6-J6 -> -0.12199552 | AO6: =N6-O6 -> 4.2787609 | AP6: =Q6-R6 -> 2.6105535 | AQ6: =T6-U6 -> 3.6134868 | AR6: =W6-X6 -> -0.065820134 | AS6: =Z6-AA6 -> -2.1797019 | AT6: =I6-J6 -> -0.12199552 | AU6: =L6-M6 -> -0.54953036 | AV6: =O6-P6 -> -0.050680474 | AW6: =R6-S6 -> -0.37340174 | AX6: =U6-V6 -> -6.4941939 | AY6: =X6-Y6 -> -8.3982844 | AZ6: =AA6-AB6 -> -5.5411215 | BA6: =IF(AB6>55,IF(AL6<2,C6,IF(Y6>55,IF(AK6<2,C6,IF(V6>55,IF(AJ6<2,C6,"")))))) -> BI-RUI-001LD | BB6: =IF(AA6>65,IF(AS6<2,C6,IF(X6>65,IF(AR6<2,C6,IF(U6>65,IF(AQ6<2,C6,"")))))) -> FALSE | BC6: {=_xlfn.UNIQUE(BA6:BA823)} -> #VALUE! | BF6: 0 | BI6: BI-RUI-004LD
A7: 0 | B7: abril | C7: BI-RUI-001LD | E7: =10*LOG((1/7)*(10^(H7/10)+10^(K7/10)+10^(N7/10)+10^(Q7/10)+10^(T7/10)+10^(W7/10)+10^(Z7/10))) -> 63.079782 | F7: =10*LOG((1/7)*(10^(I7/10)+10^(L7/10)+10^(O7/10)+10^(R7/10)+10^(U7/10)+10^(X7/10)+10^(AA7/10))) -> 64.793207 | G7: =10*LOG((1/7)*(10^(J7/10)+10^(M7/10)+10^(P7/10)+10^(S7/10)+10^(V7/10)+10^(Y7/10)+10^(AB7/10))) -> 67.446113 | H7: 61.580151 | I7: 60.443165 | J7: 59.517598 | K7: 63.287053 | L7: 70.515742 | M7: 63.670796 | N7: 63.609378 | O7: 62.114813 | P7: 68.190563 | Q7: 61.978456 | R7: 63.970992 | S7: 62.901147 | T7: 64.228229 | U7: 61.16625 | V7: 69.298418 | W7: 63.132935 | X7: 63.961765 | Y7: 70.498133 | Z7: 63.17597 | AA7: 59.126623 | AB7: 68.685567 | AC7: =E7-G7 -> -4.3663313 | AD7: =E7-F7 -> -1.7134252 | AE7: =F7-G7 -> -2.6529061 | AF7: =H7-J7 -> 2.0625525 | AG7: =K7-M7 -> -0.38374373 | AH7: =N7-P7 -> -4.5811849 | AI7: =Q7-S7 -> -0.92269058 | AJ7: =T7-V7 -> -5.0701892 | AK7: =W7-Y7 -> -7.3651975 | AL7: =Z7-AB7 -> -5.5095966 | AM7: =H7-I7 -> 1.1369857 | AN7: =I7-J7 -> 0.92556677 | AO7: =N7-O7 -> 1.4945659 | AP7: =Q7-R7 -> -1.9925351 | AQ7: =T7-U7 -> 3.0619791 | AR7: =W7-X7 -> -0.82883031 | AS7: =Z7-AA7 -> 4.049347 | AT7: =I7-J7 -> 0.92556677 | AU7: =L7-M7 -> 6.8449457 | AV7: =O7-P7 -> -6.0757508 | AW7: =R7-S7 -> 1.0698445 | AX7: =U7-V7 -> -8.1321682 | AY7: =X7-Y7 -> -6.5363672 | AZ7: =AA7-AB7 -> -9.5589435 | BA7: =IF(AB7>55,IF(AL7<2,C7,IF(Y7>55,IF(AK7<2,C7,IF(V7>55,IF(AJ7<2,C7,"")))))) -> BI-RUI-001LD | BB7: =IF(AA7>65,IF(AS7<2,C7,IF(X7>65,IF(AR7<2,C7,IF(U7>65,IF(AQ7<2,C7,"")))))) -> FALSE | BC7: {=_xlfn.UNIQUE(BA7:BA824)} -> #VALUE! | BF7: BI-RUI-004LD | BI7: BI-RUI-005LD
A8: 501 | B8: mayo | C8: BI-RUI-001LD | E8: =10*LOG((1/7)*(10^(H8/10)+10^(K8/10)+10^(N8/10)+10^(Q8/10)+10^(T8/10)+10^(W8/10)+10^(Z8/10))) -> 63.633475 | F8: =10*LOG((1/7)*(10^(I8/10)+10^(L8/10)+10^(O8/10)+10^(R8/10)+10^(U8/10)+10^(X8/10)+10^(AA8/10))) -> 62.129722 | G8: =10*LOG((1/7)*(10^(J8/10)+10^(M8/10)+10^(P8/10)+10^(S8/10)+10^(V8/10)+10^(Y8/10)+10^(AB8/10))) -> 67.129593 | H8: 63.523597 | I8: 59.978862 | J8: 63.361538 | K8: 62.902213 | L8: 60.726175 | M8: 59.719009 | N8: 62.282605 | O8: 61.122283 | P8: 60.654664 | Q8: 62.659114 | R8: 64.861398 | S8: 61.488208 | T8: 66.479412 | U8: 62.672438 | V8: 70.321195 | W8: 63.180426 | X8: 62.738659 | Y8: 70.650322 | Z8: 62.779969 | AA8: 60.669288 | AB8: 69.077105 | AC8: =E8-G8 -> -3.4961179 | AD8: =E8-F8 -> 1.5037526 | AE8: =F8-G8 -> -4.9998705 | AF8: =H8-J8 -> 0.16205927 | AG8: =K8-M8 -> 3.1832043 | AH8: =N8-P8 -> 1.6279401 | AI8: =Q8-S8 -> 1.1709056 | AJ8: =T8-V8 -> -3.8417837 | AK8: =W8-Y8 -> -7.4698963 | AL8: =Z8-AB8 -> -6.2971355 | AM8: =H8-I8 -> 3.5447354 | AN8: =I8-J8 -> -3.3826762 | AO8: =N8-O8 -> 1.160322 | AP8: =Q8-R8 -> -2.2022843 | AQ8: =T8-U8 -> 3.8069734 | AR8: =W8-X8 -> 0.4417673 | AS8: =Z8-AA8 -> 2.1106813 | AT8: =I8-J8 -> -3.3826762 | AU8: =L8-M8 -> 1.0071658 | AV8: =O8-P8 -> 0.46761812 | AW8: =R8-S8 -> 3.37319 | AX8: =U8-V8 -> -7.6487571 | AY8: =X8-Y8 -> -7.9116636 | AZ8: =AA8-AB8 -> -8.4078168 | BA8: =IF(AB8>55,IF(AL8<2,C8,IF(Y8>55,IF(AK8<2,C8,IF(V8>55,IF(AJ8<2,C8,"")))))) -> BI-RUI-001LD | BB8: =IF(AA8>65,IF(AS8<2,C8,IF(X8>65,IF(AR8<2,C8,IF(U8>65,IF(AQ8<2,C8,"")))))) -> FALSE | BC8: {=_xlfn.UNIQUE(BA8:BA825)} -> #VALUE! | BF8: BI-RUI-005LD | BI8: BI-RUI-006LD
A9: 375 | B9: junio | C9: BI-RUI-001LD | E9: =10*LOG((1/7)*(10^(H9/10)+10^(K9/10)+10^(N9/10)+10^(Q9/10)+10^(T9/10)+10^(W9/10)+10^(Z9/10))) -> 64.548058 | F9: =10*LOG((1/7)*(10^(I9/10)+10^(L9/10)+10^(O9/10)+10^(R9/10)+10^(U9/10)+10^(X9/10)+10^(AA9/10))) -> 64.000619 | G9: =10*LOG((1/7)*(10^(J9/10)+10^(M9/10)+10^(P9/10)+10^(S9/10)+10^(V9/10)+10^(Y9/10)+10^(AB9/10))) -> 67.391779 | H9: 65.743959 | I9: 61.661502 | J9: 66.184326 | K9: 64.19926 | L9: 63.322566 | M9: 61.107384 | N9: 63.853472 | O9: 61.941887 | P9: 61.623738 | Q9: 63.339182 | R9: 68.224253 | S9: 63.42851 | T9: 66.31593 | U9: 63.590634 | V9: 69.919741 | W9: 62.938087 | X9: 63.432547 | Y9: 71.080977 | Z9: 64.362993 | AA9: 61.047069 | AB9: 68.229767 | AC9: =E9-G9 -> -2.8437202 | AD9: =E9-F9 -> 0.54743968 | AE9: =F9-G9 -> -3.3911599 | AF9: =H9-J9 -> -0.4403675 | AG9: =K9-M9 -> 3.091876 | AH9: =N9-P9 -> 2.2297341 | AI9: =Q9-S9 -> -0.089328442 | AJ9: =T9-V9 -> -3.6038106 | AK9: =W9-Y9 -> -8.1428901 | AL9: =Z9-AB9 -> -3.8667738 | AM9: =H9-I9 -> 4.0824571 | AN9: =I9-J9 -> -4.5228246 | AO9: =N9-O9 -> 1.9115847 | AP9: =Q9-R9 -> -4.8850712 | AQ9: =T9-U9 -> 2.7252963 | AR9: =W9-X9 -> -0.49446006 | AS9: =Z9-AA9 -> 3.3159243 | AT9: =I9-J9 -> -4.5228246 | AU9: =L9-M9 -> 2.2151827 | AV9: =O9-P9 -> 0.31814935 | AW9: =R9-S9 -> 4.7957427 | AX9: =U9-V9 -> -6.3291068 | AY9: =X9-Y9 -> -7.6484301 | AZ9: =AA9-AB9 -> -7.1826981 | BA9: =IF(AB9>55,IF(AL9<2,C9,IF(Y9>55,IF(AK9<2,C9,IF(V9>55,IF(AJ9<2,C9,"")))))) -> BI-RUI-001LD | BB9: =IF(AA9>65,IF(AS9<2,C9,IF(X9>65,IF(AR9<2,C9,IF(U9>65,IF(AQ9<2,C9,"")))))) -> FALSE | BC9: {=_xlfn.UNIQUE(BA9:BA826)} -> #VALUE! | BF9: BI-RUI-006LD | BI9: BI-RUI-007LD
A10: 312 | B10: julio | C10: BI-RUI-001LD | E10: =10*LOG((1/7)*(10^(H10/10)+10^(K10/10)+10^(N10/10)+10^(Q10/10)+10^(T10/10)+10^(W10/10)+10^(Z10/10))) -> 63.146692 | F10: =10*LOG((1/7)*(10^(I10/10)+10^(L10/10)+10^(O10/10)+10^(R10/10)+10^(U10/10)+10^(X10/10)+10^(AA10/10))) -> 62.065792 | G10: =10*LOG((1/7)*(10^(J10/10)+10^(M10/10)+10^(P10/10)+10^(S10/10)+10^(V10/10)+10^(Y10/10)+10^(AB10/10))) -> 62.581616 | H10: 63.040529 | I10: 60.750734 | J10: 61.745717 | K10: 62.157049 | L10: 61.731882 | M10: 62.849265 | N10: 63.722154 | O10: 62.30274 | P10: 60.092869 | Q10: 64.201856 | R10: 63.345898 | S10: 62.448215 | T10: 64.821695 | U10: 63.262095 | V10: 65.334879 | W10: 61.951915 | X10: 60.85273 | Y10: 63.221484 | Z10: 60.789284 | AA10: 61.425659 | AB10: 59.85832 | AC10: =E10-G10 -> 0.56507581 | AD10: =E10-F10 -> 1.0809005 | AE10: =F10-G10 -> -0.51582469 | AF10: =H10-J10 -> 1.2948111 | AG10: =K10-M10 -> -0.69221583 | AH10: =N10-P10 -> 3.6292846 | AI10: =Q10-S10 -> 1.7536412 | AJ10: =T10-V10 -> -0.51318451 | AK10: =W10-Y10 -> -1.2695687 | AL10: =Z10-AB10 -> 0.93096422 | AM10: =H10-I10 -> 2.2897944 | AN10: =I10-J10 -> -0.99498336 | AO10: =N10-O10 -> 1.4194141 | AP10: =Q10-R10 -> 0.85595862 | AQ10: =T10-U10 -> 1.5596001 | AR10: =W10-X10 -> 1.0991852 | AS10: =Z10-AA10 -> -0.63637505 | AT10: =I10-J10 -> -0.99498336 | AU10: =L10-M10 -> -1.1173834 | AV10: =O10-P10 -> 2.2098706 | AW10: =R10-S10 -> 0.89768254 | AX10: =U10-V10 -> -2.0727846 | AY10: =X10-Y10 -> -2.3687539 | AZ10: =AA10-AB10 -> 1.5673393 | BA10: =IF(AB10>55,IF(AL10<2,C10,IF(Y10>55,IF(AK10<2,C10,IF(V10>55,IF(AJ10<2,C10,"")))))) -> BI-RUI-001LD | BB10: =IF(AA10>65,IF(AS10<2,C10,IF(X10>65,IF(AR10<2,C10,IF(U10>65,IF(AQ10<2,C10,"")))))) -> FALSE | BC10: {=_xlfn.UNIQUE(BA10:BA827)} -> #VALUE! | BF10: BI-RUI-007LD | BI10: BI-RUI-008LD
A11: 63 | B11: agosto | C11: BI-RUI-001LD | E11: =10*LOG((1/7)*(10^(H11/10)+10^(K11/10)+10^(N11/10)+10^(Q11/10)+10^(T11/10)+10^(W11/10)+10^(Z11/10))) -> 62.677231 | F11: =10*LOG((1/7)*(10^(I11/10)+10^(L11/10)+10^(O11/10)+10^(R11/10)+10^(U11/10)+10^(X11/10)+10^(AA11/10))) -> 62.978838 | G11: =10*LOG((1/7)*(10^(J11/10)+10^(M11/10)+10^(P11/10)+10^(S11/10)+10^(V11/10)+10^(Y11/10)+10^(AB11/10))) -> 60.99973 | H11: 62.745425 | I11: 61.710984 | J11: 60.100114 | K11: 62.882507 | L11: 60.861708 | M11: 61.328807 | N11: 63.262384 | O11: 60.989646 | P11: 61.528371 | Q11: 64.063435 | R11: 62.623344 | S11: 60.678892 | T11: 62.87886 | U11: 61.596343 | V11: 60.790567 | W11: 61.584777 | X11: 66.219949 | Y11: 60.719522 | Z11: 60.388788 | AA11: 63.942898 | AB11: 61.643012 | AC11: =E11-G11 -> 1.6775014 | AD11: =E11-F11 -> -0.3016066 | AE11: =F11-G11 -> 1.979108 | AF11: =H11-J11 -> 2.645311 | AG11: =K11-M11 -> 1.5536999 | AH11: =N11-P11 -> 1.7340133 | AI11: =Q11-S11 -> 3.3845426 | AJ11: =T11-V11 -> 2.0882939 | AK11: =W11-Y11 -> 0.86525573 | AL11: =Z11-AB11 -> -1.2542245 | AM11: =H11-I11 -> 1.0344408 | AN11: =I11-J11 -> 1.6108703 | AO11: =N11-O11 -> 2.2727375 | AP11: =Q11-R11 -> 1.4400907 | AQ11: =T11-U11 -> 1.2825178 | AR11: =W11-X11 -> -4.6351713 | AS11: =Z11-AA11 -> -3.5541101 | AT11: =I11-J11 -> 1.6108703 | AU11: =L11-M11 -> -0.46709893 | AV11: =O11-P11 -> -0.5387242 | AW11: =R11-S11 -> 1.9444519 | AX11: =U11-V11 -> 0.80577611 | AY11: =X11-Y11 -> 5.5004271 | AZ11: =AA11-AB11 -> 2.2998856 | BA11: =IF(AB11>55,IF(AL11<2,C11,IF(Y11>55,IF(AK11<2,C11,IF(V11>55,IF(AJ11<2,C11,"")))))) -> BI-RUI-001LD | BB11: =IF(AA11>65,IF(AS11<2,C11,IF(X11>65,IF(AR11<2,C11,IF(U11>65,IF(AQ11<2,C11,"")))))) -> FALSE | BC11: {=_xlfn.UNIQUE(BA11:BA828)} -> BI-RUI-001LD | BF11: BI-RUI-008LD | BI11: BI-RUI-009LD
A12: 687 | B12: septiembre | C12: BI-RUI-001LD | E12: =10*LOG((1/7)*(10^(H12/10)+10^(K12/10)+10^(N12/10)+10^(Q12/10)+10^(T12/10)+10^(W12/10)+10^(Z12/10))) -> 63.550204 | F12: =10*LOG((1/7)*(10^(I12/10)+10^(L12/10)+10^(O12/10)+10^(R12/10)+10^(U12/10)+10^(X12/10)+10^(AA12/10))) -> 62.034386 | G12: =10*LOG((1/7)*(10^(J12/10)+10^(M12/10)+10^(P12/10)+10^(S12/10)+10^(V12/10)+10^(Y12/10)+10^(AB12/10))) -> 65.902127 | H12: 63.540125 | I12: 61.130769 | J12: 62.599697 | K12: 62.593602 | L12: 60.915162 | M12: 62.226171 | N12: 63.165486 | O12: 61.198379 | P12: 58.857458 | Q12: 64.201542 | R12: 62.841555 | S12: 68.552497 | T12: 66.437555 | U12: 63.862222 | V12: 67.876653 | W12: 61.013411 | X12: 61.138157 | Y12: 67.882189 | Z12: 61.48258 | AA12: 62.242349 | AB12: 65.501635 | AC12: =E12-G12 -> -2.3519231 | AD12: =E12-F12 -> 1.5158178 | AE12: =F12-G12 -> -3.8677409 | AF12: =H12-J12 -> 0.94042773 | AG12: =K12-M12 -> 0.36743066 | AH12: =N12-P12 -> 4.3080278 | AI12: =Q12-S12 -> -4.3509545 | AJ12: =T12-V12 -> -1.4390978 | AK12: =W12-Y12 -> -6.8687782 | AL12: =Z12-AB12 -> -4.0190549 | AM12: =H12-I12 -> 2.4093559 | AN12: =I12-J12 -> -1.4689281 | AO12: =N12-O12 -> 1.967107 | AP12: =Q12-R12 -> 1.3599868 | AQ12: =T12-U12 -> 2.575333 | AR12: =W12-X12 -> -0.12474605 | AS12: =Z12-AA12 -> -0.75976927 | AT12: =I12-J12 -> -1.4689281 | AU12: =L12-M12 -> -1.3110091 | AV12: =O12-P12 -> 2.3409209 | AW12: =R12-S12 -> -5.7109413 | AX12: =U12-V12 -> -4.0144308 | AY12: =X12-Y12 -> -6.7440321 | AZ12: =AA12-AB12 -> -3.2592856 | BA12: =IF(AB12>55,IF(AL12<2,C12,IF(Y12>55,IF(AK12<2,C12,IF(V12>55,IF(AJ12<2,C12,"")))))) -> BI-RUI-001LD | BB12: =IF(AA12>65,IF(AS12<2,C12,IF(X12>65,IF(AR12<2,C12,IF(U12>65,IF(AQ12<2,C12,"")))))) -> FALSE | BC12: 0 | BF12: BI-RUI-009LD | BI12: BI-RUI-010LD
A13: 625 | B13: octubre | C13: BI-RUI-001LD | E13: =10*LOG((1/7)*(10^(H13/10)+10^(K13/10)+10^(N13/10)+10^(Q13/10)+10^(T13/10)+10^(W13/10)+10^(Z13/10))) -> 64.40565 | F13: =10*LOG((1/7)*(10^(I13/10)+10^(L13/10)+10^(O13/10)+10^(R13/10)+10^(U13/10)+10^(X13/10)+10^(AA13/10))) -> 62.445015 | G13: =10*LOG((1/7)*(10^(J13/10)+10^(M13/10)+10^(P13/10)+10^(S13/10)+10^(V13/10)+10^(Y13/10)+10^(AB13/10))) -> 67.980382 | H13: 62.497209 | I13: 61.921207 | J13: 60.798772 | K13: 64.093417 | L13: 61.342728 | M13: 60.931889 | N13: 65.287561 | O13: 60.559798 | P13: 67.547626 | Q13: 65.066084 | R13: 61.011945 | S13: 66.968411 | T13: 66.847043 | U13: 63.281344 | V13: 69.488448 | W13: 62.39244 | X13: 65.916641 | Y13: 70.98869 | Z13: 62.548712 | AA13: 59.724336 | AB13: 69.740683 | AC13: =E13-G13 -> -3.5747326 | AD13: =E13-F13 -> 1.9606347 | AE13: =F13-G13 -> -5.5353673 | AF13: =H13-J13 -> 1.6984368 | AG13: =K13-M13 -> 3.1615286 | AH13: =N13-P13 -> -2.2600648 | AI13: =Q13-S13 -> -1.9023273 | AJ13: =T13-V13 -> -2.6414052 | AK13: =W13-Y13 -> -8.5962499 | AL13: =Z13-AB13 -> -7.1919716 | AM13: =H13-I13 -> 0.57600214 | AN13: =I13-J13 -> 1.1224347 | AO13: =N13-O13 -> 4.7277633 | AP13: =Q13-R13 -> 4.0541387 | AQ13: =T13-U13 -> 3.5656991 | AR13: =W13-X13 -> -3.5242005 | AS13: =Z13-AA13 -> 2.8243755 | AT13: =I13-J13 -> 1.1224347 | AU13: =L13-M13 -> 0.41083951 | AV13: =O13-P13 -> -6.9878281 | AW13: =R13-S13 -> -5.956466 | AX13: =U13-V13 -> -6.2071043 | AY13: =X13-Y13 -> -5.0720493 | AZ13: =AA13-AB13 -> -10.016347 | BA13: =IF(AB13>55,IF(AL13<2,C13,IF(Y13>55,IF(AK13<2,C13,IF(V13>55,IF(AJ13<2,C13,"")))))) -> BI-RUI-001LD | BB13: =IF(AA13>65,IF(AS13<2,C13,IF(X13>65,IF(AR13<2,C13,IF(U13>65,IF(AQ13<2,C13,"")))))) -> FALSE | BC13: BI-RUI-004LD | BF13: BI-RUI-010LD | BI13: BI-RUI-011LD
A14: 564 | B14: noviembre | C14: BI-RUI-001LD | E14: =10*LOG((1/7)*(10^(H14/10)+10^(K14/10)+10^(N14/10)+10^(Q14/10)+10^(T14/10)+10^(W14/10)+10^(Z14/10))) -> 63.848103 | F14: =10*LOG((1/7)*(10^(I14/10)+10^(L14/10)+10^(O14/10)+10^(R14/10)+10^(U14/10)+10^(X14/10)+10^(AA14/10))) -> 61.960563 | G14: =10*LOG((1/7)*(10^(J14/10)+10^(M14/10)+10^(P14/10)+10^(S14/10)+10^(V14/10)+10^(Y14/10)+10^(AB14/10))) -> 66.477427 | H14: 64.093063 | I14: 61.045177 | J14: 60.523574 | K14: 63.690975 | L14: 63.082605 | M14: 61.459496 | N14: 62.313455 | O14: 61.303862 | P14: 61.562084 | Q14: 63.248242 | R14: 61.249189 | S14: 62.783463 | T14: 66.29722 | U14: 62.54308 | V14: 68.473099 | W14: 63.156178 | X14: 63.669228 | Y14: 70.28848 | Z14: 62.845805 | AA14: 59.450646 | AB14: 68.76481 | AC14: =E14-G14 -> -2.6293237 | AD14: =E14-F14 -> 1.8875396 | AE14: =F14-G14 -> -4.5168633 | AF14: =H14-J14 -> 3.5694889 | AG14: =K14-M14 -> 2.2314794 | AH14: =N14-P14 -> 0.75137153 | AI14: =Q14-S14 -> 0.46477837 | AJ14: =T14-V14 -> -2.1758788 | AK14: =W14-Y14 -> -7.1323015 | AL14: =Z14-AB14 -> -5.919005 | AM14: =H14-I14 -> 3.0478855 | AN14: =I14-J14 -> 0.52160342 | AO14: =N14-O14 -> 1.0095936 | AP14: =Q14-R14 -> 1.999053 | AQ14: =T14-U14 -> 3.7541405 | AR14: =W14-X14 -> -0.51304995 | AS14: =Z14-AA14 -> 3.3951584 | AT14: =I14-J14 -> 0.52160342 | AU14: =L14-M14 -> 1.6231088 | AV14: =O14-P14 -> -0.25822204 | AW14: =R14-S14 -> -1.5342746 | AX14: =U14-V14 -> -5.9300193 | AY14: =X14-Y14 -> -6.6192516 | AZ14: =AA14-AB14 -> -9.3141634 | BA14: =IF(AB14>55,IF(AL14<2,C14,IF(Y14>55,IF(AK14<2,C14,IF(V14>55,IF(AJ14<2,C14,"")))))) -> BI-RUI-001LD | BB14: =IF(AA14>65,IF(AS14<2,C14,IF(X14>65,IF(AR14<2,C14,IF(U14>65,IF(AQ14<2,C14,"")))))) -> FALSE | BF14: BI-RUI-011LD | BI14: BI-RUI-013LD
A15: 126 | B15: diciembre | C15: BI-RUI-001LD | E15: =10*LOG((1/7)*(10^(H15/10)+10^(K15/10)+10^(N15/10)+10^(Q15/10)+10^(T15/10)+10^(W15/10)+10^(Z15/10))) -> 64.3755 | F15: =10*LOG((1/7)*(10^(I15/10)+10^(L15/10)+10^(O15/10)+10^(R15/10)+10^(U15/10)+10^(X15/10)+10^(AA15/10))) -> 61.715579 | G15: =10*LOG((1/7)*(10^(J15/10)+10^(M15/10)+10^(P15/10)+10^(S15/10)+10^(V15/10)+10^(Y15/10)+10^(AB15/10))) -> 68.412977 | H15: 63.684734 | I15: 62.7847 | J15: 65.70116 | K15: 64.827418 | L15: 61.422633 | M15: 66.827531 | N15: 66.494323 | O15: 61.346406 | P15: 68.002551 | Q15: 63.464968 | R15: 61.292407 | S15: 67.703661 | T15: 65.882814 | U15: 62.698584 | V15: 70.079862 | W15: 62.540571 | X15: 61.552031 | Y15: 70.396716 | Z15: 61.596487 | AA15: 60.427748 | AB15: 68.25507 | AC15: =E15-G15 -> -4.0374776 | AD15: =E15-F15 -> 2.6599211 | AE15: =F15-G15 -> -6.6973988 | AF15: =H15-J15 -> -2.0164265 | AG15: =K15-M15 -> -2.0001128 | AH15: =N15-P15 -> -1.5082284 | AI15: =Q15-S15 -> -4.2386925 | AJ15: =T15-V15 -> -4.1970482 | AK15: =W15-Y15 -> -7.8561445 | AL15: =Z15-AB15 -> -6.6585824 | AM15: =H15-I15 -> 0.90003407 | AN15: =I15-J15 -> -2.9164606 | AO15: =N15-O15 -> 5.1479166 | AP15: =Q15-R15 -> 2.1725616 | AQ15: =T15-U15 -> 3.1842299 | AR15: =W15-X15 -> 0.98854074 | AS15: =Z15-AA15 -> 1.1687397 | AT15: =I15-J15 -> -2.9164606 | AU15: =L15-M15 -> -5.4048976 | AV15: =O15-P15 -> -6.656145 | AW15: =R15-S15 -> -6.4112541 | AX15: =U15-V15 -> -7.3812781 | AY15: =X15-Y15 -> -8.8446852 | AZ15: =AA15-AB15 -> -7.8273221 | BA15: =IF(AB15>55,IF(AL15<2,C15,IF(Y15>55,IF(AK15<2,C15,IF(V15>55,IF(AJ15<2,C15,"")))))) -> BI-RUI-001LD | BB15: =IF(AA15>65,IF(AS15<2,C15,IF(X15>65,IF(AR15<2,C15,IF(U15>65,IF(AQ15<2,C15,"")))))) -> FALSE | BC15: BI-RUI-005LD | BF15: BI-RUI-013LD | BI15: BI-RUI-015LD
B16: TOTAL | C16: BI-RUI-001LD | D16: Rgez. Arias | E16: {=10*LOG(AVERAGE(10^(E4:E15/10)))} -> 63.849271 | F16: {=10*LOG(AVERAGE(10^(F4:F15/10)))} -> 62.571466 | G16: {=10*LOG(AVERAGE(10^(G4:G15/10)))} -> 66.637729 | H16: {=10*LOG(AVERAGE(10^(H4:H15/10)))} -> 63.551563 | I16: {=10*LOG(AVERAGE(10^(I4:I15/10)))} -> 61.293865 | J16: {=10*LOG(AVERAGE(10^(J4:J15/10)))} -> 62.408572 | K16: {=10*LOG(AVERAGE(10^(K4:K15/10)))} -> 63.593966 | L16: {=10*LOG(AVERAGE(10^(L4:L15/10)))} -> 63.622646 | ... AB16: {=10*LOG(AVERAGE(10^(AB4:AB15/10)))} -> 67.956272 | AC16: =E16-G16 -> -2.7884588 | AD16: =E16-F16 -> 1.2778044 | AE16: =F16-G16 -> -4.0662632 | AF16: =H16-J16 -> 1.1429919 | AG16: =K16-M16 -> 1.0498223 | AH16: =N16-P16 -> -0.26613271 | AI16: =Q16-S16 -> -0.7367755 | AJ16: =T16-V16 -> -2.7787443 | AK16: =W16-Y16 -> -7.2002951 | AL16: =Z16-AB16 -> -5.6188379 | AM16: =H16-I16 -> 2.2576986 | AN16: =I16-J16 -> -1.1147067 | AO16: =N16-O16 -> 2.9356014 | AP16: =Q16-R16 -> 0.2138215 | AQ16: =T16-U16 -> 3.0258221 | AR16: =W16-X16 -> -0.69705848 | AS16: =Z16-AA16 -> 0.97894986 | AT16: =I16-J16 -> -1.1147067 | AU16: =L16-M16 -> 1.0785016 | AV16: =O16-P16 -> -3.2017342 | AW16: =R16-S16 -> -0.950597 | AX16: =U16-V16 -> -5.8045664 | AY16: =X16-Y16 -> -6.5032366 | AZ16: =AA16-AB16 -> -6.5977878 | BC16: BI-RUI-006LD | BF16: BI-RUI-015LD | BI16: BI-RUI-016LD
A17: 188 | B17: enero | C17: BI-RUI-004LD | D17: Pza. Unamuno | E17: =10*LOG((1/7)*(10^(H17/10)+10^(K17/10)+10^(N17/10)+10^(Q17/10)+10^(T17/10)+10^(W17/10)+10^(Z17/10))) -> 66.419242 | F17: =10*LOG((1/7)*(10^(I17/10)+10^(L17/10)+10^(O17/10)+10^(R17/10)+10^(U17/10)+10^(X17/10)+10^(AA17/10))) -> 69.469376 | G17: =10*LOG((1/7)*(10^(J17/10)+10^(M17/10)+10^(P17/10)+10^(S17/10)+10^(V17/10)+10^(Y17/10)+10^(AB17/10))) -> 62.317071 | H17: 64.761589 | I17: 68.213921 | J17: 57.532225 | K17: 65.512992 | L17: 68.220893 | M17: 58.311112 | N17: 65.533029 | O17: 68.696078 | P17: 58.556881 | Q17: 67.491971 | R17: 70.533081 | S17: 59.212971 | T17: 65.795243 | U17: 70.460899 | V17: 62.016644 | W17: 68.238413 | X17: 71.796387 | Y17: 64.678841 | Z17: 66.520586 | AA17: 65.713852 | AB17: 66.637768 | AC17: =E17-G17 -> 4.1021712 | AD17: =E17-F17 -> -3.0501338 | AE17: =F17-G17 -> 7.152305 | AF17: =H17-J17 -> 7.2293638 | AG17: =K17-M17 -> 7.2018802 | AH17: =N17-P17 -> 6.9761482 | AI17: =Q17-S17 -> 8.2790004 | AJ17: =T17-V17 -> 3.7785997 | AK17: =W17-Y17 -> 3.5595712 | AL17: =Z17-AB17 -> -0.11718233 | AM17: =H17-I17 -> -3.4523315 | AN17: =I17-J17 -> 10.681695 | AO17: =N17-O17 -> -3.1630488 | AP17: =Q17-R17 -> -3.0411095 | AQ17: =T17-U17 -> -4.6656553 | AR17: =W17-X17 -> -3.5579743 | AS17: =Z17-AA17 -> 0.80673414 | AT17: =I17-J17 -> 10.681695 | AU17: =L17-M17 -> 9.9097812 | AV17: =O17-P17 -> 10.139197 | AW17: =R17-S17 -> 11.32011 | AX17: =U17-V17 -> 8.444255 | AY17: =X17-Y17 -> 7.1175455 | AZ17: =AA17-AB17 -> -0.92391647 | BA17: =IF(AB17>55,IF(AL17<2,C17,IF(Y17>55,IF(AK17<2,C17,IF(V17>55,IF(AJ17<2,C17,"")))))) -> BI-RUI-004LD | BB17: =IF(AA17>65,IF(AS17<2,C17,IF(X17>65,IF(AR17<2,C17,IF(U17>65,IF(AQ17<2,C17,"")))))) -> BI-RUI-004LD | BC17: BI-RUI-007LD | BF17: BI-RUI-016LD | BI17: BI-RUI-017LD
A18: 251 | B18: febrero | C18: BI-RUI-004LD | E18: =10*LOG((1/7)*(10^(H18/10)+10^(K18/10)+10^(N18/10)+10^(Q18/10)+10^(T18/10)+10^(W18/10)+10^(Z18/10))) -> 67.906601 | F18: =10*LOG((1/7)*(10^(I18/10)+10^(L18/10)+10^(O18/10)+10^(R18/10)+10^(U18/10)+10^(X18/10)+10^(AA18/10))) -> 70.372728 | G18: =10*LOG((1/7)*(10^(J18/10)+10^(M18/10)+10^(P18/10)+10^(S18/10)+10^(V18/10)+10^(Y18/10)+10^(AB18/10))) -> 62.178804 | H18: 66.446593 | I18: 66.404902 | J18: 56.937056 | K18: 65.276917 | L18: 66.900307 | M18: 56.288716 | N18: 65.709661 | O18: 67.254606 | P18: 57.710527 | Q18: 65.40433 | R18: 69.248019 | S18: 58.969284 | T18: 69.050071 | U18: 72.360116 | V18: 61.428105 | W18: 71.037982 | X18: 74.908589 | Y18: 65.579957 | Z18: 68.75923 | AA18: 67.073075 | AB18: 66.292757 | AC18: =E18-G18 -> 5.7277974 | AD18: =E18-F18 -> -2.4661273 | AE18: =F18-G18 -> 8.1939247 | AF18: =H18-J18 -> 9.5095366 | AG18: =K18-M18 -> 8.9882016 | AH18: =N18-P18 -> 7.9991332 | AI18: =Q18-S18 -> 6.4350463 | AJ18: =T18-V18 -> 7.6219655 | AK18: =W18-Y18 -> 5.4580249 | AL18: =Z18-AB18 -> 2.4664732 | AM18: =H18-I18 -> 0.04169128 | AN18: =I18-J18 -> 9.4678454 | AO18: =N18-O18 -> -1.5449453 | AP18: =Q18-R18 -> -3.8436887 | AQ18: =T18-U18 -> -3.310045 | AR18: =W18-X18 -> -3.8706069 | AS18: =Z18-AA18 -> 1.6861552 | AT18: =I18-J18 -> 9.4678454 | AU18: =L18-M18 -> 10.611592 | AV18: =O18-P18 -> 9.5440785 | AW18: =R18-S18 -> 10.278735 | AX18: =U18-V18 -> 10.932011 | AY18: =X18-Y18 -> 9.3286318 | AZ18: =AA18-AB18 -> 0.78031803 | BA18: =IF(AB18>55,IF(AL18<2,C18,IF(Y18>55,IF(AK18<2,C18,IF(V18>55,IF(AJ18<2,C18,"")))))) | BB18: =IF(AA18>65,IF(AS18<2,C18,IF(X18>65,IF(AR18<2,C18,IF(U18>65,IF(AQ18<2,C18,"")))))) -> BI-RUI-004LD | BC18: BI-RUI-008LD | BF18: BI-RUI-017LD | BI18: BI-RUI-019LD
A19: 439 | B19: marzo | C19: BI-RUI-004LD | E19: =10*LOG((1/7)*(10^(H19/10)+10^(K19/10)+10^(N19/10)+10^(Q19/10)+10^(T19/10)+10^(W19/10)+10^(Z19/10))) -> 68.493809 | F19: =10*LOG((1/7)*(10^(I19/10)+10^(L19/10)+10^(O19/10)+10^(R19/10)+10^(U19/10)+10^(X19/10)+10^(AA19/10))) -> 69.556704 | G19: =10*LOG((1/7)*(10^(J19/10)+10^(M19/10)+10^(P19/10)+10^(S19/10)+10^(V19/10)+10^(Y19/10)+10^(AB19/10))) -> 61.462291 | H19: 67.676599 | I19: 65.61431 | J19: 57.027094 | K19: 67.718689 | L19: 67.544187 | M19: 56.64305 | N19: 68.458269 | O19: 68.609381 | P19: 56.962344 | Q19: 67.522653 | R19: 69.187349 | S19: 59.127803 | T19: 69.144884 | U19: 71.712842 | V19: 61.935353 | W19: 69.687961 | X19: 72.797538 | Y19: 65.411172 | Z19: 68.768498 | AA19: 66.485183 | AB19: 63.950869 | AC19: =E19-G19 -> 7.0315175 | AD19: =E19-F19 -> -1.0628946 | AE19: =F19-G19 -> 8.0944121 | AF19: =H19-J19 -> 10.649505 | AG19: =K19-M19 -> 11.075639 | AH19: =N19-P19 -> 11.495925 | AI19: =Q19-S19 -> 8.3948504 | AJ19: =T19-V19 -> 7.2095312 | AK19: =W19-Y19 -> 4.2767897 | AL19: =Z19-AB19 -> 4.8176294 | AM19: =H19-I19 -> 2.0622893 | AN19: =I19-J19 -> 8.587216 | AO19: =N19-O19 -> -0.15111184 | AP19: =Q19-R19 -> -1.6646954 | AQ19: =T19-U19 -> -2.5679581 | AR19: =W19-X19 -> -3.1095765 | AS19: =Z19-AA19 -> 2.2833148 | AT19: =I19-J19 -> 8.587216 | AU19: =L19-M19 -> 10.901137 | AV19: =O19-P19 -> 11.647037 | AW19: =R19-S19 -> 10.059546 | AX19: =U19-V19 -> 9.7774894 | AY19: =X19-Y19 -> 7.3863662 | AZ19: =AA19-AB19 -> 2.5343146 | BA19: =IF(AB19>55,IF(AL19<2,C19,IF(Y19>55,IF(AK19<2,C19,IF(V19>55,IF(AJ19<2,C19,"")))))) | BB19: =IF(AA19>65,IF(AS19<2,C19,IF(X19>65,IF(AR19<2,C19,IF(U19>65,IF(AQ19<2,C19,"")))))) -> BI-RUI-004LD | BC19: BI-RUI-009LD | BF19: BI-RUI-019LD | BI19: BI-RUI-020LD
A20: 1 | B20: abril | C20: BI-RUI-004LD | E20: =10*LOG((1/7)*(10^(H20/10)+10^(K20/10)+10^(N20/10)+10^(Q20/10)+10^(T20/10)+10^(W20/10)+10^(Z20/10))) -> 68.640075 | F20: =10*LOG((1/7)*(10^(I20/10)+10^(L20/10)+10^(O20/10)+10^(R20/10)+10^(U20/10)+10^(X20/10)+10^(AA20/10))) -> 70.749295 | G20: =10*LOG((1/7)*(10^(J20/10)+10^(M20/10)+10^(P20/10)+10^(S20/10)+10^(V20/10)+10^(Y20/10)+10^(AB20/10))) -> 62.154941 | H20: 69.018845 | I20: 68.091628 | J20: 59.217068 | K20: 69.047851 | L20: 68.613175 | M20: 57.353666 | N20: 66.391025 | O20: 70.05673 | P20: 59.228974 | Q20: 66.84793 | R20: 71.276674 | S20: 60.763876 | T20: 68.243687 | U20: 72.303599 | V20: 63.403631 | W20: 71.208768 | X20: 73.222843 | Y20: 64.78724 | Z20: 67.848316 | AA20: 68.988711 | AB20: 64.606171 | AC20: =E20-G20 -> 6.4851341 | AD20: =E20-F20 -> -2.10922 | AE20: =F20-G20 -> 8.5943541 | AF20: =H20-J20 -> 9.8017768 | AG20: =K20-M20 -> 11.694184 | AH20: =N20-P20 -> 7.1620511 | AI20: =Q20-S20 -> 6.0840541 | AJ20: =T20-V20 -> 4.840056 | AK20: =W20-Y20 -> 6.4215274 | AL20: =Z20-AB20 -> 3.2421456 | AM20: =H20-I20 -> 0.92721669 | AN20: =I20-J20 -> 8.8745602 | AO20: =N20-O20 -> -3.6657048 | AP20: =Q20-R20 -> -4.428744 | AQ20: =T20-U20 -> -4.0599116 | AR20: =W20-X20 -> -2.0140753 | AS20: =Z20-AA20 -> -1.1403944 | AT20: =I20-J20 -> 8.8745602 | AU20: =L20-M20 -> 11.259509 | AV20: =O20-P20 -> 10.827756 | AW20: =R20-S20 -> 10.512798 | AX20: =U20-V20 -> 8.8999677 | AY20: =X20-Y20 -> 8.4356027 | AZ20: =AA20-AB20 -> 4.3825401 | BA20: =IF(AB20>55,IF(AL20<2,C20,IF(Y20>55,IF(AK20<2,C20,IF(V20>55,IF(AJ20<2,C20,"")))))) | BB20: =IF(AA20>65,IF(AS20<2,C20,IF(X20>65,IF(AR20<2,C20,IF(U20>65,IF(AQ20<2,C20,"")))))) -> BI-RUI-004LD | BC20: BI-RUI-010LD | BF20: BI-RUI-020LD | BI20: BI-RUI-021LD
A21: 502 | B21: mayo | C21: BI-RUI-004LD | E21: =10*LOG((1/7)*(10^(H21/10)+10^(K21/10)+10^(N21/10)+10^(Q21/10)+10^(T21/10)+10^(W21/10)+10^(Z21/10))) -> 67.926894 | F21: =10*LOG((1/7)*(10^(I21/10)+10^(L21/10)+10^(O21/10)+10^(R21/10)+10^(U21/10)+10^(X21/10)+10^(AA21/10))) -> 70.249875 | G21: =10*LOG((1/7)*(10^(J21/10)+10^(M21/10)+10^(P21/10)+10^(S21/10)+10^(V21/10)+10^(Y21/10)+10^(AB21/10))) -> 62.678905 | H21: 68.06413 | I21: 69.387554 | J21: 60.106318 | K21: 67.443766 | L21: 67.942824 | M21: 58.637974 | N21: 66.944019 | O21: 69.501999 | P21: 58.670231 | Q21: 66.769346 | R21: 68.280795 | S21: 59.300737 | T21: 69.304972 | U21: 71.87118 | V21: 62.400186 | W21: 68.597063 | X21: 73.183896 | Y21: 66.410921 | Z21: 67.791881 | AA21: 68.68344 | AB21: 65.458408 | AC21: =E21-G21 -> 5.2479888 | AD21: =E21-F21 -> -2.3229809 | AE21: =F21-G21 -> 7.5709697 | AF21: =H21-J21 -> 7.9578119 | AG21: =K21-M21 -> 8.8057925 | AH21: =N21-P21 -> 8.2737882 | AI21: =Q21-S21 -> 7.4686087 | AJ21: =T21-V21 -> 6.9047861 | AK21: =W21-Y21 -> 2.1861411 | AL21: =Z21-AB21 -> 2.3334734 | AM21: =H21-I21 -> -1.3234237 | AN21: =I21-J21 -> 9.2812357 | AO21: =N21-O21 -> -2.55798 | AP21: =Q21-R21 -> -1.5114491 | AQ21: =T21-U21 -> -2.5662077 | AR21: =W21-X21 -> -4.5868333 | AS21: =Z21-AA21 -> -0.89155833 | AT21: =I21-J21 -> 9.2812357 | AU21: =L21-M21 -> 9.3048506 | AV21: =O21-P21 -> 10.831768 | AW21: =R21-S21 -> 8.9800578 | AX21: =U21-V21 -> 9.4709938 | AY21: =X21-Y21 -> 6.7729744 | AZ21: =AA21-AB21 -> 3.2250317 | BA21: =IF(AB21>55,IF(AL21<2,C21,IF(Y21>55,IF(AK21<2,C21,IF(V21>55,IF(AJ21<2,C21,"")))))) | BB21: =IF(AA21>65,IF(AS21<2,C21,IF(X21>65,IF(AR21<2,C21,IF(U21>65,IF(AQ21<2,C21,"")))))) -> BI-RUI-004LD | BC21: BI-RUI-015LD | BF21: BI-RUI-021LD | BI21: BI-RUI-022LD
A22: 376 | B22: junio | C22: BI-RUI-004LD | E22: =10*LOG((1/7)*(10^(H22/10)+10^(K22/10)+10^(N22/10)+10^(Q22/10)+10^(T22/10)+10^(W22/10)+10^(Z22/10))) -> 68.530462 | F22: =10*LOG((1/7)*(10^(I22/10)+10^(L22/10)+10^(O22/10)+10^(R22/10)+10^(U22/10)+10^(X22/10)+10^(AA22/10))) -> 71.284455 | G22: =10*LOG((1/7)*(10^(J22/10)+10^(M22/10)+10^(P22/10)+10^(S22/10)+10^(V22/10)+10^(Y22/10)+10^(AB22/10))) -> 63.365333 | H22: 67.936733 | I22: 68.264736 | J22: 59.44396 | K22: 67.902285 | L22: 70.273719 | M22: 60.326036 | N22: 68.25729 | O22: 71.231871 | P22: 59.927718 | Q22: 67.556618 | R22: 71.864829 | S22: 61.044915 | T22: 68.621382 | U22: 73.75081 | V22: 63.852185 | W22: 70.279963 | X22: 72.703325 | Y22: 66.309543 | Z22: 68.561027 | AA22: 67.586943 | AB22: 66.31065 | AC22: =E22-G22 -> 5.1651287 | AD22: =E22-F22 -> -2.7539938 | AE22: =F22-G22 -> 7.9191225 | AF22: =H22-J22 -> 8.4927736 | AG22: =K22-M22 -> 7.5762486 | AH22: =N22-P22 -> 8.3295719 | AI22: =Q22-S22 -> 6.5117029 | AJ22: =T22-V22 -> 4.7691971 | AK22: =W22-Y22 -> 3.9704197 | AL22: =Z22-AB22 -> 2.2503773 | AM22: =H22-I22 -> -0.32800259 | AN22: =I22-J22 -> 8.8207762 | AO22: =N22-O22 -> -2.9745803 | AP22: =Q22-R22 -> -4.3082112 | AQ22: =T22-U22 -> -5.1294276 | AR22: =W22-X22 -> -2.4233623 | AS22: =Z22-AA22 -> 0.97408432 | AT22: =I22-J22 -> 8.8207762 | AU22: =L22-M22 -> 9.9476827 | AV22: =O22-P22 -> 11.304152 | AW22: =R22-S22 -> 10.819914 | AX22: =U22-V22 -> 9.8986246 | AY22: =X22-Y22 -> 6.393782 | AZ22: =AA22-AB22 -> 1.276293 | BA22: =IF(AB22>55,IF(AL22<2,C22,IF(Y22>55,IF(AK22<2,C22,IF(V22>55,IF(AJ22<2,C22,"")))))) | BB22: =IF(AA22>65,IF(AS22<2,C22,IF(X22>65,IF(AR22<2,C22,IF(U22>65,IF(AQ22<2,C22,"")))))) -> BI-RUI-004LD | BC22: BI-RUI-016LD | BF22: BI-RUI-022LD | BI22: BI-RUI-023LD
A23: 313 | B23: julio | C23: BI-RUI-004LD | E23: =10*LOG((1/7)*(10^(H23/10)+10^(K23/10)+10^(N23/10)+10^(Q23/10)+10^(T23/10)+10^(W23/10)+10^(Z23/10))) -> 66.85962 | F23: =10*LOG((1/7)*(10^(I23/10)+10^(L23/10)+10^(O23/10)+10^(R23/10)+10^(U23/10)+10^(X23/10)+10^(AA23/10))) -> 70.664909 | G23: =10*LOG((1/7)*(10^(J23/10)+10^(M23/10)+10^(P23/10)+10^(S23/10)+10^(V23/10)+10^(Y23/10)+10^(AB23/10))) -> 63.395473 | H23: 65.590897 | I23: 68.448254 | J23: 60.498929 | K23: 66.126974 | L23: 68.953812 | M23: 59.89151 | N23: 68.310729 | O23: 71.128698 | P23: 60.469588 | Q23: 66.191658 | R23: 70.296364 | S23: 61.483952 | T23: 66.777348 | U23: 70.719103 | V23: 62.479627 | W23: 67.648677 | X23: 73.200122 | Y23: 66.867847 | Z23: 66.744897 | AA23: 70.152624 | AB23: 66.07259 | AC23: =E23-G23 -> 3.4641472 | AD23: =E23-F23 -> -3.8052886 | AE23: =F23-G23 -> 7.2694358 | AF23: =H23-J23 -> 5.091968 | AG23: =K23-M23 -> 6.2354641 | AH23: =N23-P23 -> 7.841141 | AI23: =Q23-S23 -> 4.7077056 | AJ23: =T23-V23 -> 4.2977215 | AK23: =W23-Y23 -> 0.78082995 | AL23: =Z23-AB23 -> 0.67230736 | AM23: =H23-I23 -> -2.8573575 | AN23: =I23-J23 -> 7.9493255 | AO23: =N23-O23 -> -2.817969 | AP23: =Q23-R23 -> -4.1047066 | AQ23: =T23-U23 -> -3.9417545 | AR23: =W23-X23 -> -5.5514451 | AS23: =Z23-AA23 -> -3.407727 | AT23: =I23-J23 -> 7.9493255 | AU23: =L23-M23 -> 9.0623015 | AV23: =O23-P23 -> 10.65911 | AW23: =R23-S23 -> 8.8124122 | AX23: =U23-V23 -> 8.239476 | AY23: =X23-Y23 -> 6.3322751 | AZ23: =AA23-AB23 -> 4.0800343 | BA23: =IF(AB23>55,IF(AL23<2,C23,IF(Y23>55,IF(AK23<2,C23,IF(V23>55,IF(AJ23<2,C23,"")))))) -> BI-RUI-004LD | BB23: =IF(AA23>65,IF(AS23<2,C23,IF(X23>65,IF(AR23<2,C23,IF(U23>65,IF(AQ23<2,C23,"")))))) -> BI-RUI-004LD | BC23: BI-RUI-017LD | BF23: BI-RUI-023LD | BI23: BI-RUI-025LD
A24: 64 | B24: agosto | C24: BI-RUI-004LD | E24: =10*LOG((1/7)*(10^(H24/10)+10^(K24/10)+10^(N24/10)+10^(Q24/10)+10^(T24/10)+10^(W24/10)+10^(Z24/10))) -> 69.658777 | F24: =10*LOG((1/7)*(10^(I24/10)+10^(L24/10)+10^(O24/10)+10^(R24/10)+10^(U24/10)+10^(X24/10)+10^(AA24/10))) -> 74.766943 | G24: =10*LOG((1/7)*(10^(J24/10)+10^(M24/10)+10^(P24/10)+10^(S24/10)+10^(V24/10)+10^(Y24/10)+10^(AB24/10))) -> 67.586806 | H24: 67.211619 | I24: 74.627459 | J24: 65.339525 | K24: 67.922522 | L24: 71.900283 | M24: 64.975718 | N24: 67.891207 | O24: 70.510969 | P24: 64.905093 | Q24: 68.539866 | R24: 78.657881 | S24: 66.896692 | T24: 70.78965 | U24: 75.611844 | V24: 68.834583 | W24: 71.70931 | X24: 74.92972 | Y24: 69.187354 | Z24: 71.184442 | AA24: 71.171061 | AB24: 69.852775 | AC24: =E24-G24 -> 2.0719707 | AD24: =E24-F24 -> -5.1081667 | AE24: =F24-G24 -> 7.1801374 | AF24: =H24-J24 -> 1.8720942 | AG24: =K24-M24 -> 2.9468041 | AH24: =N24-P24 -> 2.9861142 | AI24: =Q24-S24 -> 1.6431744 | AJ24: =T24-V24 -> 1.9550668 | AK24: =W24-Y24 -> 2.5219554 | AL24: =Z24-AB24 -> 1.3316667 | AM24: =H24-I24 -> -7.41584 | AN24: =I24-J24 -> 9.2879343 | AO24: =N24-O24 -> -2.6197613 | AP24: =Q24-R24 -> -10.118015 | AQ24: =T24-U24 -> -4.8221942 | AR24: =W24-X24 -> -3.2204109 | AS24: =Z24-AA24 -> 0.013380706 | AT24: =I24-J24 -> 9.2879343 | AU24: =L24-M24 -> 6.9245647 | AV24: =O24-P24 -> 5.6058754 | AW24: =R24-S24 -> 11.761189 | AX24: =U24-V24 -> 6.777261 | AY24: =X24-Y24 -> 5.7423663 | AZ24: =AA24-AB24 -> 1.318286 | BA24: =IF(AB24>55,IF(AL24<2,C24,IF(Y24>55,IF(AK24<2,C24,IF(V24>55,IF(AJ24<2,C24,"")))))) -> BI-RUI-004LD | BB24: =IF(AA24>65,IF(AS24<2,C24,IF(X24>65,IF(AR24<2,C24,IF(U24>65,IF(AQ24<2,C24,"")))))) -> BI-RUI-004LD | BC24: BI-RUI-019LD | BF24: BI-RUI-025LD | BI24: BI-RUI-BR11LD
A25: 688 | B25: septiembre | C25: BI-RUI-004LD | E25: =10*LOG((1/7)*(10^(H25/10)+10^(K25/10)+10^(N25/10)+10^(Q25/10)+10^(T25/10)+10^(W25/10)+10^(Z25/10))) -> 65.604961 | F25: =10*LOG((1/7)*(10^(I25/10)+10^(L25/10)+10^(O25/10)+10^(R25/10)+10^(U25/10)+10^(X25/10)+10^(AA25/10))) -> 69.807413 | G25: =10*LOG((1/7)*(10^(J25/10)+10^(M25/10)+10^(P25/10)+10^(S25/10)+10^(V25/10)+10^(Y25/10)+10^(AB25/10))) -> 63.858378 | H25: 64.929476 | I25: 68.115162 | J25: 61.990691 | K25: 65.23248 | L25: 68.678352 | M25: 63.077197 | N25: 66.10992 | O25: 69.537016 | P25: 63.734144 | Q25: 65.404049 | R25: 68.675446 | S25: 60.636404 | T25: 65.97585 | U25: 71.429843 | V25: 62.341191 | W25: 66.345659 | X25: 72.214658 | Y25: 66.837168 | Z25: 65.015259 | AA25: 67.92196 | AB25: 65.242807 | AC25: =E25-G25 -> 1.7465827 | AD25: =E25-F25 -> -4.2024515 | AE25: =F25-G25 -> 5.9490342 | AF25: =H25-J25 -> 2.9387854 | AG25: =K25-M25 -> 2.1552838 | AH25: =N25-P25 -> 2.375776 | AI25: =Q25-S25 -> 4.7676447 | AJ25: =T25-V25 -> 3.6346595 | AK25: =W25-Y25 -> -0.49150979 | AL25: =Z25-AB25 -> -0.22754787 | AM25: =H25-I25 -> -3.1856858 | AN25: =I25-J25 -> 6.1244712 | AO25: =N25-O25 -> -3.4270959 | AP25: =Q25-R25 -> -3.2713968 | AQ25: =T25-U25 -> -5.4539925 | AR25: =W25-X25 -> -5.8689999 | AS25: =Z25-AA25 -> -2.9067016 | AT25: =I25-J25 -> 6.1244712 | AU25: =L25-M25 -> 5.6011555 | AV25: =O25-P25 -> 5.8028719 | AW25: =R25-S25 -> 8.0390415 | AX25: =U25-V25 -> 9.088652 | AY25: =X25-Y25 -> 5.3774901 | AZ25: =AA25-AB25 -> 2.6791537 | BA25: =IF(AB25>55,IF(AL25<2,C25,IF(Y25>55,IF(AK25<2,C25,IF(V25>55,IF(AJ25<2,C25,"")))))) -> BI-RUI-004LD | BB25: =IF(AA25>65,IF(AS25<2,C25,IF(X25>65,IF(AR25<2,C25,IF(U25>65,IF(AQ25<2,C25,"")))))) -> BI-RUI-004LD | BC25: BI-RUI-020LD | BF25: BI-RUI-BR11LD | BI25: BI-RUI-BR15LD
A26: 626 | B26: octubre | C26: BI-RUI-004LD | E26: =10*LOG((1/7)*(10^(H26/10)+10^(K26/10)+10^(N26/10)+10^(Q26/10)+10^(T26/10)+10^(W26/10)+10^(Z26/10))) -> 67.721967 | F26: =10*LOG((1/7)*(10^(I26/10)+10^(L26/10)+10^(O26/10)+10^(R26/10)+10^(U26/10)+10^(X26/10)+10^(AA26/10))) -> 71.701634 | G26: =10*LOG((1/7)*(10^(J26/10)+10^(M26/10)+10^(P26/10)+10^(S26/10)+10^(V26/10)+10^(Y26/10)+10^(AB26/10))) -> 63.585585 | H26: 66.259685 | I26: 68.623017 | J26: 59.296636 | K26: 65.787641 | L26: 72.224923 | M26: 61.052091 | N26: 66.765208 | O26: 70.440434 | P26: 62.221725 | Q26: 67.621152 | R26: 71.759474 | S26: 62.271312 | T26: 67.890343 | U26: 73.459642 | V26: 63.343895 | W26: 69.991571 | X26: 73.908388 | Y26: 66.105256 | Z26: 68.291192 | AA26: 68.302838 | AB26: 66.299142 | AC26: =E26-G26 -> 4.1363812 | AD26: =E26-F26 -> -3.9796672 | AE26: =F26-G26 -> 8.1160484 | AF26: =H26-J26 -> 6.9630483 | AG26: =K26-M26 -> 4.7355495 | AH26: =N26-P26 -> 4.5434821 | AI26: =Q26-S26 -> 5.34984 | AJ26: =T26-V26 -> 4.5464481 | AK26: =W26-Y26 -> 3.8863149 | AL26: =Z26-AB26 -> 1.9920502 | AM26: =H26-I26 -> -2.3633323 | AN26: =I26-J26 -> 9.3263806 | AO26: =N26-O26 -> -3.675226 | AP26: =Q26-R26 -> -4.1383224 | AQ26: =T26-U26 -> -5.5692992 | AR26: =W26-X26 -> -3.9168172 | AS26: =Z26-AA26 -> -0.011645984 | AT26: =I26-J26 -> 9.3263806 | AU26: =L26-M26 -> 11.172832 | AV26: =O26-P26 -> 8.2187081 | AW26: =R26-S26 -> 9.4881624 | AX26: =U26-V26 -> 10.115747 | AY26: =X26-Y26 -> 7.8031321 | AZ26: =AA26-AB26 -> 2.0036962 | BA26: =IF(AB26>55,IF(AL26<2,C26,IF(Y26>55,IF(AK26<2,C26,IF(V26>55,IF(AJ26<2,C26,"")))))) -> BI-RUI-004LD | BB26: =IF(AA26>65,IF(AS26<2,C26,IF(X26>65,IF(AR26<2,C26,IF(U26>65,IF(AQ26<2,C26,"")))))) -> BI-RUI-004LD | BC26: BI-RUI-021LD | BF26: BI-RUI-BR15LD | BI26: BI-RUI-BR1LD
A27: 565 | B27: noviembre | C27: BI-RUI-004LD | E27: =10*LOG((1/7)*(10^(H27/10)+10^(K27/10)+10^(N27/10)+10^(Q27/10)+10^(T27/10)+10^(W27/10)+10^(Z27/10))) -> 68.576847 | F27: =10*LOG((1/7)*(10^(I27/10)+10^(L27/10)+10^(O27/10)+10^(R27/10)+10^(U27/10)+10^(X27/10)+10^(AA27/10))) -> 69.471309 | G27: =10*LOG((1/7)*(10^(J27/10)+10^(M27/10)+10^(P27/10)+10^(S27/10)+10^(V27/10)+10^(Y27/10)+10^(AB27/10))) -> 64.971693 | H27: 68.471143 | I27: 65.198854 | J27: 69.389389 | K27: 67.710145 | L27: 65.539172 | M27: 61.3345 | N27: 68.562038 | O27: 69.597474 | P27: 57.759757 | Q27: 68.559693 | R27: 68.313703 | S27: 58.497897 | T27: 68.422891 | U27: 70.917175 | V27: 62.06357 | W27: 70.02842 | X27: 73.27566 | Y27: 65.599062 | Z27: 67.872365 | AA27: 67.464381 | AB27: 67.324874 | AC27: =E27-G27 -> 3.6051544 | AD27: =E27-F27 -> -0.89446223 | AE27: =F27-G27 -> 4.4996166 | AF27: =H27-J27 -> -0.91824538 | AG27: =K27-M27 -> 6.375645 | AH27: =N27-P27 -> 10.802281 | AI27: =Q27-S27 -> 10.061796 | AJ27: =T27-V27 -> 6.3593205 | AK27: =W27-Y27 -> 4.429358 | AL27: =Z27-AB27 -> 0.54749024 | AM27: =H27-I27 -> 3.2722889 | AN27: =I27-J27 -> -4.1905343 | AO27: =N27-O27 -> -1.035436 | AP27: =Q27-R27 -> 0.24599022 | AQ27: =T27-U27 -> -2.4942847 | AR27: =W27-X27 -> -3.2472408 | AS27: =Z27-AA27 -> 0.40798303 | AT27: =I27-J27 -> -4.1905343 | AU27: =L27-M27 -> 4.2046723 | AV27: =O27-P27 -> 11.837717 | AW27: =R27-S27 -> 9.8158054 | AX27: =U27-V27 -> 8.8536052 | AY27: =X27-Y27 -> 7.6765988 | AZ27: =AA27-AB27 -> 0.13950721 | BA27: =IF(AB27>55,IF(AL27<2,C27,IF(Y27>55,IF(AK27<2,C27,IF(V27>55,IF(AJ27<2,C27,"")))))) -> BI-RUI-004LD | BB27: =IF(AA27>65,IF(AS27<2,C27,IF(X27>65,IF(AR27<2,C27,IF(U27>65,IF(AQ27<2,C27,"")))))) -> BI-RUI-004LD | BC27: BI-RUI-022LD | BF27: BI-RUI-BR1LD | BI27: BI-RUI-BR2LD
A28: 127 | B28: diciembre | C28: BI-RUI-004LD | E28: =10*LOG((1/7)*(10^(H28/10)+10^(K28/10)+10^(N28/10)+10^(Q28/10)+10^(T28/10)+10^(W28/10)+10^(Z28/10))) -> 68.600871 | F28: =10*LOG((1/7)*(10^(I28/10)+10^(L28/10)+10^(O28/10)+10^(R28/10)+10^(U28/10)+10^(X28/10)+10^(AA28/10))) -> 72.386406 | G28: =10*LOG((1/7)*(10^(J28/10)+10^(M28/10)+10^(P28/10)+10^(S28/10)+10^(V28/10)+10^(Y28/10)+10^(AB28/10))) -> 63.325958 | H28: 65.349447 | I28: 70.099951 | J28: 58.013608 | K28: 68.220762 | L28: 70.627137 | M28: 58.987714 | N28: 70.870074 | O28: 73.808482 | P28: 63.054437 | Q28: 68.332301 | R28: 70.289649 | S28: 63.357557 | T28: 68.116769 | U28: 74.506532 | V28: 64.174142 | W28: 69.614294 | X28: 74.607286 | Y28: 66.058134 | Z28: 67.776911 | AA28: 68.830741 | AB28: 64.462485 | AC28: =E28-G28 -> 5.274913 | AD28: =E28-F28 -> -3.785535 | AE28: =F28-G28 -> 9.0604481 | AF28: =H28-J28 -> 7.3358399 | AG28: =K28-M28 -> 9.233048 | AH28: =N28-P28 -> 7.8156377 | AI28: =Q28-S28 -> 4.9747439 | AJ28: =T28-V28 -> 3.9426274 | AK28: =W28-Y28 -> 3.55616 | AL28: =Z28-AB28 -> 3.3144256 | AM28: =H28-I28 -> -4.7505036 | AN28: =I28-J28 -> 12.086343 | AO28: =N28-O28 -> -2.9384083 | AP28: =Q28-R28 -> -1.9573478 | AQ28: =T28-U28 -> -6.3897627 | AR28: =W28-X28 -> -4.9929912 | AS28: =Z28-AA28 -> -1.05383 | AT28: =I28-J28 -> 12.086343 | AU28: =L28-M28 -> 11.639424 | AV28: =O28-P28 -> 10.754046 | AW28: =R28-S28 -> 6.9320917 | AX28: =U28-V28 -> 10.33239 | AY28: =X28-Y28 -> 8.5491512 | AZ28: =AA28-AB28 -> 4.3682555 | BA28: =IF(AB28>55,IF(AL28<2,C28,IF(Y28>55,IF(AK28<2,C28,IF(V28>55,IF(AJ28<2,C28,"")))))) | BB28: =IF(AA28>65,IF(AS28<2,C28,IF(X28>65,IF(AR28<2,C28,IF(U28>65,IF(AQ28<2,C28,"")))))) -> BI-RUI-004LD | BC28: BI-RUI-023LD | BF28: BI-RUI-BR5LD | BI28: BI-RUI-BR5LD
B29: TOTAL | C29: =C17 -> BI-RUI-004LD | D29: =D17 -> Pza. Unamuno | E29: {=10*LOG(AVERAGE(10^(E17:E28/10)))} -> 68.037758 | F29: {=10*LOG(AVERAGE(10^(F17:F28/10)))} -> 71.163248 | G29: {=10*LOG(AVERAGE(10^(G17:G28/10)))} -> 63.73405 | H29: {=10*LOG(AVERAGE(10^(H17:H28/10)))} -> 67.028958 | I29: {=10*LOG(AVERAGE(10^(I17:I28/10)))} -> 69.199495 | J29: {=10*LOG(AVERAGE(10^(J17:J28/10)))} -> 62.346635 | K29: {=10*LOG(AVERAGE(10^(K17:K28/10)))} -> 67.171147 | L29: {=10*LOG(AVERAGE(10^(L17:L28/10)))} -> 69.37483 | ... AB29: {=10*LOG(AVERAGE(10^(AB17:AB28/10)))} -> 66.330564 | AC29: =E29-G29 -> 4.3037078 | AD29: =E29-F29 -> -3.1254906 | AE29: =F29-G29 -> 7.4291985 | AF29: =H29-J29 -> 4.6823228 | AG29: =K29-M29 -> 6.661442 | AH29: =N29-P29 -> 6.7178105 | AI29: =Q29-S29 -> 5.6019413 | AJ29: =T29-V29 -> 4.6467684 | AK29: =W29-Y29 -> 3.4556604 | AL29: =Z29-AB29 -> 1.8386567 | AM29: =H29-I29 -> -2.1705372 | AN29: =I29-J29 -> 6.85286 | AO29: =N29-O29 -> -2.5891566 | AP29: =Q29-R29 -> -4.6290528 | AQ29: =T29-U29 -> -4.3236094 | AR29: =W29-X29 -> -3.7307307 | AS29: =Z29-AA29 -> -0.27931514 | AT29: =I29-J29 -> 6.85286 | AU29: =L29-M29 -> 8.8651256 | AV29: =O29-P29 -> 9.3069671 | AW29: =R29-S29 -> 10.230994 | AX29: =U29-V29 -> 8.9703777 | AY29: =X29-Y29 -> 7.1863911 | AZ29: =AA29-AB29 -> 2.1179718 | BC29: FALSE | BF29: BI-RUI-BR8LD | BI29: BI-RUI-BR6LD
A30: 189 | B30: enero | C30: BI-RUI-005LD | D30: María Muñoz | E30: =10*LOG((1/7)*(10^(H30/10)+10^(K30/10)+10^(N30/10)+10^(Q30/10)+10^(T30/10)+10^(W30/10)+10^(Z30/10))) -> 68.640085 | F30: =10*LOG((1/7)*(10^(I30/10)+10^(L30/10)+10^(O30/10)+10^(R30/10)+10^(U30/10)+10^(X30/10)+10^(AA30/10))) -> 69.65118 | G30: =10*LOG((1/7)*(10^(J30/10)+10^(M30/10)+10^(P30/10)+10^(S30/10)+10^(V30/10)+10^(Y30/10)+10^(AB30/10))) -> 63.463362 | H30: 68.450649 | I30: 67.225161 | J30: 57.986071 | K30: 68.713532 | L30: 67.315363 | M30: 59.789433 | N30: 68.369754 | O30: 68.412623 | P30: 58.167786 | Q30: 67.743005 | R30: 69.064507 | S30: 60.693216 | T30: 68.563173 | U30: 71.164045 | V30: 64.162464 | W30: 69.692884 | X30: 73.37205 | Y30: 66.210847 | Z30: 68.70828 | AA30: 66.146745 | AB30: 67.277174 | AC30: =E30-G30 -> 5.1767225 | AD30: =E30-F30 -> -1.011095 | AE30: =F30-G30 -> 6.1878176 | AF30: =H30-J30 -> 10.464578 | AG30: =K30-M30 -> 8.9240987 | AH30: =N30-P30 -> 10.201968 | AI30: =Q30-S30 -> 7.0497894 | AJ30: =T30-V30 -> 4.4007094 | AK30: =W30-Y30 -> 3.4820363 | AL30: =Z30-AB30 -> 1.4311061 | AM30: =H30-I30 -> 1.2254886 | AN30: =I30-J30 -> 9.2390894 | AO30: =N30-O30 -> -0.042868603 | AP30: =Q30-R30 -> -1.3215019 | AQ30: =T30-U30 -> -2.6008718 | AR30: =W30-X30 -> -3.6791661 | AS30: =Z30-AA30 -> 2.5615349 | AT30: =I30-J30 -> 9.2390894 | AU30: =L30-M30 -> 7.5259297 | AV30: =O30-P30 -> 10.244837 | AW30: =R30-S30 -> 8.3712913 | AX30: =U30-V30 -> 7.0015813 | AY30: =X30-Y30 -> 7.1612024 | AZ30: =AA30-AB30 -> -1.1304288 | BA30: =IF(AB30>55,IF(AL30<2,C30,IF(Y30>55,IF(AK30<2,C30,IF(V30>55,IF(AJ30<2,C30,"")))))) -> BI-RUI-005LD | BB30: =IF(AA30>65,IF(AS30<2,C30,IF(X30>65,IF(AR30<2,C30,IF(U30>65,IF(AQ30<2,C30,"")))))) -> BI-RUI-005LD | BC30: BI-RUI-025LD | BF30: BI-RUI-C005LD | BI30: BI-RUI-BR7LD
A31: 252 | B31: febrero | C31: BI-RUI-005LD | E31: =10*LOG((1/7)*(10^(H31/10)+10^(K31/10)+10^(N31/10)+10^(Q31/10)+10^(T31/10)+10^(W31/10)+10^(Z31/10))) -> 69.947922 | F31: =10*LOG((1/7)*(10^(I31/10)+10^(L31/10)+10^(O31/10)+10^(R31/10)+10^(U31/10)+10^(X31/10)+10^(AA31/10))) -> 70.679724 | G31: =10*LOG((1/7)*(10^(J31/10)+10^(M31/10)+10^(P31/10)+10^(S31/10)+10^(V31/10)+10^(Y31/10)+10^(AB31/10))) -> 62.863939 | H31: 69.625853 | I31: 67.97252 | J31: 57.727613 | K31: 70.706307 | L31: 68.597047 | M31: 56.312663 | N31: 71.153379 | O31: 68.266934 | P31: 58.262235 | Q31: 69.476644 | R31: 71.174269 | S31: 61.118528 | T31: 69.292508 | U31: 71.700998 | V31: 64.536093 | W31: 70.172912 | X31: 74.483384 | Y31: 65.597969 | Z31: 68.701458 | AA31: 67.532473 | AB31: 66.107296 | AC31: =E31-G31 -> 7.0839823 | AD31: =E31-F31 -> -0.73180252 | AE31: =F31-G31 -> 7.8157849 | AF31: =H31-J31 -> 11.89824 | AG31: =K31-M31 -> 14.393644 | AH31: =N31-P31 -> 12.891144 | AI31: =Q31-S31 -> 8.3581159 | AJ31: =T31-V31 -> 4.7564148 | AK31: =W31-Y31 -> 4.574943 | AL31: =Z31-AB31 -> 2.5941621 | AM31: =H31-I31 -> 1.6533323 | AN31: =I31-J31 -> 10.244907 | AO31: =N31-O31 -> 2.8864451 | AP31: =Q31-R31 -> -1.6976248 | AQ31: =T31-U31 -> -2.4084895 | AR31: =W31-X31 -> -4.3104714 | AS31: =Z31-AA31 -> 1.1689853 | AT31: =I31-J31 -> 10.244907 | AU31: =L31-M31 -> 12.284384 | AV31: =O31-P31 -> 10.004699 | AW31: =R31-S31 -> 10.055741 | AX31: =U31-V31 -> 7.1649043 | AY31: =X31-Y31 -> 8.8854144 | AZ31: =AA31-AB31 -> 1.4251768 | BA31: =IF(AB31>55,IF(AL31<2,C31,IF(Y31>55,IF(AK31<2,C31,IF(V31>55,IF(AJ31<2,C31,"")))))) | BB31: =IF(AA31>65,IF(AS31<2,C31,IF(X31>65,IF(AR31<2,C31,IF(U31>65,IF(AQ31<2,C31,"")))))) -> BI-RUI-005LD | BC31: BI-RUI-BR11LD | BF31: BI-RUI-C006LD | BI31: BI-RUI-BR8LD
A32: 440 | B32: marzo | C32: BI-RUI-005LD | E32: =10*LOG((1/7)*(10^(H32/10)+10^(K32/10)+10^(N32/10)+10^(Q32/10)+10^(T32/10)+10^(W32/10)+10^(Z32/10))) -> 70.912792 | F32: =10*LOG((1/7)*(10^(I32/10)+10^(L32/10)+10^(O32/10)+10^(R32/10)+10^(U32/10)+10^(X32/10)+10^(AA32/10))) -> 72.239604 | G32: =10*LOG((1/7)*(10^(J32/10)+10^(M32/10)+10^(P32/10)+10^(S32/10)+10^(V32/10)+10^(Y32/10)+10^(AB32/10))) -> 63.810004 | H32: 71.22423 | I32: 69.988737 | J32: 59.803384 | K32: 70.791096 | L32: 70.097907 | M32: 59.26516 | N32: 71.115042 | O32: 71.127213 | P32: 59.318543 | Q32: 71.157979 | R32: 73.197196 | S32: 62.529582 | T32: 71.592548 | U32: 74.120272 | V32: 67.275063 | W32: 70.181307 | X32: 74.94726 | Y32: 65.974208 | Z32: 70.119827 | AA32: 67.871048 | AB32: 64.897051 | AC32: =E32-G32 -> 7.1027881 | AD32: =E32-F32 -> -1.3268126 | AE32: =F32-G32 -> 8.4296006 | AF32: =H32-J32 -> 11.420846 | AG32: =K32-M32 -> 11.525935 | AH32: =N32-P32 -> 11.796499 | AI32: =Q32-S32 -> 8.6283974 | AJ32: =T32-V32 -> 4.3174847 | AK32: =W32-Y32 -> 4.2070992 | AL32: =Z32-AB32 -> 5.2227762 | AM32: =H32-I32 -> 1.2354926 | AN32: =I32-J32 -> 10.185353 | AO32: =N32-O32 -> -0.012170725 | AP32: =Q32-R32 -> -2.0392167 | AQ32: =T32-U32 -> -2.5277245 | AR32: =W32-X32 -> -4.7659529 | AS32: =Z32-AA32 -> 2.2487789 | AT32: =I32-J32 -> 10.185353 | AU32: =L32-M32 -> 10.832747 | AV32: =O32-P32 -> 11.808669 | AW32: =R32-S32 -> 10.667614 | AX32: =U32-V32 -> 6.8452092 | AY32: =X32-Y32 -> 8.9730521 | AZ32: =AA32-AB32 -> 2.9739973 | BA32: =IF(AB32>55,IF(AL32<2,C32,IF(Y32>55,IF(AK32<2,C32,IF(V32>55,IF(AJ32<2,C32,"")))))) | BB32: =IF(AA32>65,IF(AS32<2,C32,IF(X32>65,IF(AR32<2,C32,IF(U32>65,IF(AQ32<2,C32,"")))))) -> BI-RUI-005LD | BC32: BI-RUI-BR15LD | BF32: BI-RUI-C008LD | BI32: BI-RUI-C001LD
A33: 2 | B33: abril | C33: BI-RUI-005LD | E33: =10*LOG((1/7)*(10^(H33/10)+10^(K33/10)+10^(N33/10)+10^(Q33/10)+10^(T33/10)+10^(W33/10)+10^(Z33/10))) -> 70.561826 | F33: =10*LOG((1/7)*(10^(I33/10)+10^(L33/10)+10^(O33/10)+10^(R33/10)+10^(U33/10)+10^(X33/10)+10^(AA33/10))) -> 72.179428 | G33: =10*LOG((1/7)*(10^(J33/10)+10^(M33/10)+10^(P33/10)+10^(S33/10)+10^(V33/10)+10^(Y33/10)+10^(AB33/10))) -> 63.64319 | H33: 69.856573 | I33: 71.054966 | J33: 59.504072 | K33: 71.146393 | L33: 70.597427 | M33: 59.430984 | N33: 70.28582 | O33: 71.631912 | P33: 61.162871 | Q33: 71.446854 | R33: 72.512552 | S33: 62.717062 | T33: 70.117082 | U33: 73.157868 | V33: 65.770906 | W33: 69.993332 | X33: 73.656602 | Y33: 66.333839 | Z33: 70.820548 | AA33: 71.790355 | AB33: 65.017348 | AC33: =E33-G33 -> 6.9186363 | AD33: =E33-F33 -> -1.6176016 | AE33: =F33-G33 -> 8.5362379 | AF33: =H33-J33 -> 10.352502 | AG33: =K33-M33 -> 11.715409 | AH33: =N33-P33 -> 9.1229482 | AI33: =Q33-S33 -> 8.7297919 | AJ33: =T33-V33 -> 4.3461761 | AK33: =W33-Y33 -> 3.6594931 | AL33: =Z33-AB33 -> 5.8031998 | AM33: =H33-I33 -> -1.1983923 | AN33: =I33-J33 -> 11.550894 | AO33: =N33-O33 -> -1.3460927 | AP33: =Q33-R33 -> -1.065698 | AQ33: =T33-U33 -> -3.0407864 | AR33: =W33-X33 -> -3.6632694 | AS33: =Z33-AA33 -> -0.96980722 | AT33: =I33-J33 -> 11.550894 | AU33: =L33-M33 -> 11.166444 | AV33: =O33-P33 -> 10.469041 | AW33: =R33-S33 -> 9.7954899 | AX33: =U33-V33 -> 7.3869625 | AY33: =X33-Y33 -> 7.3227625 | AZ33: =AA33-AB33 -> 6.7730071 | BA33: =IF(AB33>55,IF(AL33<2,C33,IF(Y33>55,IF(AK33<2,C33,IF(V33>55,IF(AJ33<2,C33,"")))))) | BB33: =IF(AA33>65,IF(AS33<2,C33,IF(X33>65,IF(AR33<2,C33,IF(U33>65,IF(AQ33<2,C33,"")))))) -> BI-RUI-005LD | BC33: BI-RUI-BR1LD | BF33: BI-RUI-C009LD | BI33: BI-RUI-C002LD
A34: 503 | B34: mayo | C34: BI-RUI-005LD | E34: =10*LOG((1/7)*(10^(H34/10)+10^(K34/10)+10^(N34/10)+10^(Q34/10)+10^(T34/10)+10^(W34/10)+10^(Z34/10))) -> 69.754647 | F34: =10*LOG((1/7)*(10^(I34/10)+10^(L34/10)+10^(O34/10)+10^(R34/10)+10^(U34/10)+10^(X34/10)+10^(AA34/10))) -> 71.900505 | G34: =10*LOG((1/7)*(10^(J34/10)+10^(M34/10)+10^(P34/10)+10^(S34/10)+10^(V34/10)+10^(Y34/10)+10^(AB34/10))) -> 63.582537 | H34: 69.282081 | I34: 70.029325 | J34: 60.341678 | K34: 69.641647 | L34: 70.062532 | M34: 58.37882 | N34: 69.03436 | O34: 71.616653 | P34: 60.04313 | Q34: 68.694121 | R34: 70.948849 | S34: 61.083649 | T34: 70.303159 | U34: 73.504636 | V34: 65.551062 | W34: 71.169157 | X34: 74.74555 | Y34: 67.014303 | Z34: 69.660936 | AA34: 69.557284 | AB34: 65.171316 | AC34: =E34-G34 -> 6.1721104 | AD34: =E34-F34 -> -2.1458578 | AE34: =F34-G34 -> 8.3179682 | AF34: =H34-J34 -> 8.9404029 | AG34: =K34-M34 -> 11.262828 | AH34: =N34-P34 -> 8.9912301 | AI34: =Q34-S34 -> 7.6104722 | AJ34: =T34-V34 -> 4.7520966 | AK34: =W34-Y34 -> 4.1548532 | AL34: =Z34-AB34 -> 4.4896208 | AM34: =H34-I34 -> -0.74724328 | AN34: =I34-J34 -> 9.6876462 | AO34: =N34-O34 -> -2.5822926 | AP34: =Q34-R34 -> -2.2547279 | AQ34: =T34-U34 -> -3.2014777 | AR34: =W34-X34 -> -3.5763933 | AS34: =Z34-AA34 -> 0.10365269 | AT34: =I34-J34 -> 9.6876462 | AU34: =L34-M34 -> 11.683713 | AV34: =O34-P34 -> 11.573523 | AW34: =R34-S34 -> 9.8652001 | AX34: =U34-V34 -> 7.9535743 | AY34: =X34-Y34 -> 7.7312466 | AZ34: =AA34-AB34 -> 4.3859681 | BA34: =IF(AB34>55,IF(AL34<2,C34,IF(Y34>55,IF(AK34<2,C34,IF(V34>55,IF(AJ34<2,C34,"")))))) | BB34: =IF(AA34>65,IF(AS34<2,C34,IF(X34>65,IF(AR34<2,C34,IF(U34>65,IF(AQ34<2,C34,"")))))) -> BI-RUI-005LD | BC34: BI-RUI-BR2LD | BF34: BI-RUI-C011LD | BI34: BI-RUI-C003LD
A35: 377 | B35: junio | C35: BI-RUI-005LD | E35: =10*LOG((1/7)*(10^(H35/10)+10^(K35/10)+10^(N35/10)+10^(Q35/10)+10^(T35/10)+10^(W35/10)+10^(Z35/10))) -> 71.170005 | F35: =10*LOG((1/7)*(10^(I35/10)+10^(L35/10)+10^(O35/10)+10^(R35/10)+10^(U35/10)+10^(X35/10)+10^(AA35/10))) -> 72.524964 | G35: =10*LOG((1/7)*(10^(J35/10)+10^(M35/10)+10^(P35/10)+10^(S35/10)+10^(V35/10)+10^(Y35/10)+10^(AB35/10))) -> 64.453913 | H35: 71.319382 | I35: 70.532668 | J35: 58.952832 | K35: 72.43773 | L35: 70.667619 | M35: 58.808769 | N35: 71.291206 | O35: 72.239241 | P35: 59.720768 | Q35: 70.62788 | R35: 72.307161 | S35: 61.028773 | T35: 70.907194 | U35: 74.761255 | V35: 67.761344 | W35: 70.857286 | X35: 74.56408 | Y35: 67.950966 | Z35: 70.42971 | AA35: 69.973648 | AB35: 65.512807 | AC35: =E35-G35 -> 6.7160916 | AD35: =E35-F35 -> -1.3549585 | AE35: =F35-G35 -> 8.0710501 | AF35: =H35-J35 -> 12.36655 | AG35: =K35-M35 -> 13.628961 | AH35: =N35-P35 -> 11.570438 | AI35: =Q35-S35 -> 9.599107 | AJ35: =T35-V35 -> 3.1458503 | AK35: =W35-Y35 -> 2.9063192 | AL35: =Z35-AB35 -> 4.9169026 | AM35: =H35-I35 -> 0.78671381 | AN35: =I35-J35 -> 11.579836 | AO35: =N35-O35 -> -0.94803546 | AP35: =Q35-R35 -> -1.6792802 | AQ35: =T35-U35 -> -3.8540614 | AR35: =W35-X35 -> -3.7067945 | AS35: =Z35-AA35 -> 0.4560615 | AT35: =I35-J35 -> 11.579836 | AU35: =L35-M35 -> 11.85885 | AV35: =O35-P35 -> 12.518473 | AW35: =R35-S35 -> 11.278387 | AX35: =U35-V35 -> 6.9999117 | AY35: =X35-Y35 -> 6.6131137 | AZ35: =AA35-AB35 -> 4.4608412 | BA35: =IF(AB35>55,IF(AL35<2,C35,IF(Y35>55,IF(AK35<2,C35,IF(V35>55,IF(AJ35<2,C35,"")))))) | BB35: =IF(AA35>65,IF(AS35<2,C35,IF(X35>65,IF(AR35<2,C35,IF(U35>65,IF(AQ35<2,C35,"")))))) -> BI-RUI-005LD | BC35: BI-RUI-BR5LD | BF35: BI-RUI-C015LD | BI35: BI-RUI-C004LD
A36: 314 | B36: julio | C36: BI-RUI-005LD | E36: =10*LOG((1/7)*(10^(H36/10)+10^(K36/10)+10^(N36/10)+10^(Q36/10)+10^(T36/10)+10^(W36/10)+10^(Z36/10))) -> 69.063931 | F36: =10*LOG((1/7)*(10^(I36/10)+10^(L36/10)+10^(O36/10)+10^(R36/10)+10^(U36/10)+10^(X36/10)+10^(AA36/10))) -> 71.990212 | G36: =10*LOG((1/7)*(10^(J36/10)+10^(M36/10)+10^(P36/10)+10^(S36/10)+10^(V36/10)+10^(Y36/10)+10^(AB36/10))) -> 62.97045 | H36: 68.120276 | I36: 72.40594 | J36: 60.586245 | K36: 69.011935 | L36: 71.180721 | M36: 60.47464 | N36: 69.178261 | O36: 71.54818 | P36: 61.349136 | Q36: 69.651912 | R36: 71.844399 | S36: 61.304628 | T36: 68.91735 | U36: 73.14139 | V36: 64.368645 | W36: 69.6968 | X36: 73.376975 | Y36: 65.515836 | Z36: 68.663198 | AA36: 69.147592 | AB36: 64.152896 | AC36: =E36-G36 -> 6.0934814 | AD36: =E36-F36 -> -2.9262808 | AE36: =F36-G36 -> 9.0197622 | AF36: =H36-J36 -> 7.5340306 | AG36: =K36-M36 -> 8.5372957 | AH36: =N36-P36 -> 7.8291256 | AI36: =Q36-S36 -> 8.3472839 | AJ36: =T36-V36 -> 4.548705 | AK36: =W36-Y36 -> 4.1809641 | AL36: =Z36-AB36 -> 4.5103026 | AM36: =H36-I36 -> -4.2856642 | AN36: =I36-J36 -> 11.819695 | AO36: =N36-O36 -> -2.3699192 | AP36: =Q36-R36 -> -2.192487 | AQ36: =T36-U36 -> -4.2240401 | AR36: =W36-X36 -> -3.6801748 | AS36: =Z36-AA36 -> -0.48439408 | AT36: =I36-J36 -> 11.819695 | AU36: =L36-M36 -> 10.706082 | AV36: =O36-P36 -> 10.199045 | AW36: =R36-S36 -> 10.539771 | AX36: =U36-V36 -> 8.7727451 | AY36: =X36-Y36 -> 7.8611389 | AZ36: =AA36-AB36 -> 4.9946967 | BA36: =IF(AB36>55,IF(AL36<2,C36,IF(Y36>55,IF(AK36<2,C36,IF(V36>55,IF(AJ36<2,C36,"")))))) | BB36: =IF(AA36>65,IF(AS36<2,C36,IF(X36>65,IF(AR36<2,C36,IF(U36>65,IF(AQ36<2,C36,"")))))) -> BI-RUI-005LD | BC36: BI-RUI-BR6LD | BF36: BI-RUI-C017LD | BI36: BI-RUI-C005LD
A37: 65 | B37: agosto | C37: BI-RUI-005LD | E37: =10*LOG((1/7)*(10^(H37/10)+10^(K37/10)+10^(N37/10)+10^(Q37/10)+10^(T37/10)+10^(W37/10)+10^(Z37/10))) -> 71.264416 | F37: =10*LOG((1/7)*(10^(I37/10)+10^(L37/10)+10^(O37/10)+10^(R37/10)+10^(U37/10)+10^(X37/10)+10^(AA37/10))) -> 73.83777 | G37: =10*LOG((1/7)*(10^(J37/10)+10^(M37/10)+10^(P37/10)+10^(S37/10)+10^(V37/10)+10^(Y37/10)+10^(AB37/10))) -> 66.957212 | H37: 69.667231 | I37: 73.254063 | J37: 65.123675 | K37: 70.207091 | L37: 72.800524 | M37: 63.846544 | N37: 70.017804 | O37: 72.966104 | P37: 63.549784 | Q37: 71.234442 | R37: 74.685227 | S37: 67.938018 | T37: 73.117292 | U37: 74.493729 | V37: 68.969756 | W37: 72.547254 | X37: 75.217537 | Y37: 68.618192 | Z37: 70.828322 | AA37: 72.689014 | AB37: 67.334565 | AC37: =E37-G37 -> 4.3072038 | AD37: =E37-F37 -> -2.5733539 | AE37: =F37-G37 -> 6.8805577 | AF37: =H37-J37 -> 4.5435559 | AG37: =K37-M37 -> 6.3605475 | AH37: =N37-P37 -> 6.4680206 | AI37: =Q37-S37 -> 3.2964235 | AJ37: =T37-V37 -> 4.147536 | AK37: =W37-Y37 -> 3.9290616 | AL37: =Z37-AB37 -> 3.4937575 | AM37: =H37-I37 -> -3.5868325 | AN37: =I37-J37 -> 8.1303884 | AO37: =N37-O37 -> -2.9483002 | AP37: =Q37-R37 -> -3.4507852 | AQ37: =T37-U37 -> -1.3764372 | AR37: =W37-X37 -> -2.6702828 | AS37: =Z37-AA37 -> -1.8606921 | AT37: =I37-J37 -> 8.1303884 | AU37: =L37-M37 -> 8.9539796 | AV37: =O37-P37 -> 9.4163207 | AW37: =R37-S37 -> 6.7472087 | AX37: =U37-V37 -> 5.5239733 | AY37: =X37-Y37 -> 6.5993444 | AZ37: =AA37-AB37 -> 5.3544496 | BA37: =IF(AB37>55,IF(AL37<2,C37,IF(Y37>55,IF(AK37<2,C37,IF(V37>55,IF(AJ37<2,C37,"")))))) | BB37: =IF(AA37>65,IF(AS37<2,C37,IF(X37>65,IF(AR37<2,C37,IF(U37>65,IF(AQ37<2,C37,"")))))) -> BI-RUI-005LD | BC37: BI-RUI-BR7LD | BF37: BI-RUI-C018LD | BI37: BI-RUI-C006LD
A38: 689 | B38: septiembre | C38: BI-RUI-005LD | E38: =10*LOG((1/7)*(10^(H38/10)+10^(K38/10)+10^(N38/10)+10^(Q38/10)+10^(T38/10)+10^(W38/10)+10^(Z38/10))) -> 68.816428 | F38: =10*LOG((1/7)*(10^(I38/10)+10^(L38/10)+10^(O38/10)+10^(R38/10)+10^(U38/10)+10^(X38/10)+10^(AA38/10))) -> 72.280082 | G38: =10*LOG((1/7)*(10^(J38/10)+10^(M38/10)+10^(P38/10)+10^(S38/10)+10^(V38/10)+10^(Y38/10)+10^(AB38/10))) -> 64.765787 | H38: 68.200141 | I38: 71.95328 | J38: 62.919719 | K38: 69.016291 | L38: 71.47686 | M38: 64.03691 | N38: 69.691374 | O38: 71.726417 | P38: 63.319788 | Q38: 68.288053 | R38: 72.750838 | S38: 62.984318 | T38: 68.710184 | U38: 72.70258 | V38: 65.405159 | W38: 69.16152 | X38: 73.765182 | Y38: 67.484121 | Z38: 68.444981 | AA38: 70.952833 | AB38: 65.147553 | AC38: =E38-G38 -> 4.0506412 | AD38: =E38-F38 -> -3.4636536 | AE38: =F38-G38 -> 7.5142948 | AF38: =H38-J38 -> 5.2804218 | AG38: =K38-M38 -> 4.9793815 | AH38: =N38-P38 -> 6.3715864 | AI38: =Q38-S38 -> 5.3037357 | AJ38: =T38-V38 -> 3.3050256 | AK38: =W38-Y38 -> 1.6773995 | AL38: =Z38-AB38 -> 3.2974277 | AM38: =H38-I38 -> -3.7531396 | AN38: =I38-J38 -> 9.0335615 | AO38: =N38-O38 -> -2.035043 | AP38: =Q38-R38 -> -4.462785 | AQ38: =T38-U38 -> -3.9923955 | AR38: =W38-X38 -> -4.6036612 | AS38: =Z38-AA38 -> -2.507852 | AT38: =I38-J38 -> 9.0335615 | AU38: =L38-M38 -> 7.4399498 | AV38: =O38-P38 -> 8.4066294 | AW38: =R38-S38 -> 9.7665207 | AX38: =U38-V38 -> 7.297421 | AY38: =X38-Y38 -> 6.2810606 | AZ38: =AA38-AB38 -> 5.8052797 | BA38: =IF(AB38>55,IF(AL38<2,C38,IF(Y38>55,IF(AK38<2,C38,IF(V38>55,IF(AJ38<2,C38,"")))))) -> BI-RUI-005LD | BB38: =IF(AA38>65,IF(AS38<2,C38,IF(X38>65,IF(AR38<2,C38,IF(U38>65,IF(AQ38<2,C38,"")))))) -> BI-RUI-005LD | BC38: BI-RUI-BR8LD | BF38: BI-RUI-C019LD | BI38: BI-RUI-C008LD
A39: 627 | B39: octubre | C39: BI-RUI-005LD | E39: =10*LOG((1/7)*(10^(H39/10)+10^(K39/10)+10^(N39/10)+10^(Q39/10)+10^(T39/10)+10^(W39/10)+10^(Z39/10))) -> 68.836689 | F39: =10*LOG((1/7)*(10^(I39/10)+10^(L39/10)+10^(O39/10)+10^(R39/10)+10^(U39/10)+10^(X39/10)+10^(AA39/10))) -> 72.570923 | G39: =10*LOG((1/7)*(10^(J39/10)+10^(M39/10)+10^(P39/10)+10^(S39/10)+10^(V39/10)+10^(Y39/10)+10^(AB39/10))) -> 65.762141 | H39: 68.667815 | I39: 70.645613 | J39: 61.662311 | K39: 67.886713 | L39: 72.033463 | M39: 63.352327 | N39: 67.738647 | O39: 71.611851 | P39: 63.078905 | Q39: 67.814882 | R39: 71.934966 | S39: 64.240663 | T39: 68.542697 | U39: 74.585616 | V39: 69.121222 | W39: 70.413842 | X39: 74.59721 | Y39: 68.002581 | Z39: 69.960256 | AA39: 70.523392 | AB39: 65.54339 | AC39: =E39-G39 -> 3.0745485 | AD39: =E39-F39 -> -3.7342333 | AE39: =F39-G39 -> 6.8087818 | AF39: =H39-J39 -> 7.0055044 | AG39: =K39-M39 -> 4.5343861 | AH39: =N39-P39 -> 4.6597416 | AI39: =Q39-S39 -> 3.5742192 | AJ39: =T39-V39 -> -0.57852433 | AK39: =W39-Y39 -> 2.4112611 | AL39: =Z39-AB39 -> 4.4168658 | AM39: =H39-I39 -> -1.9777978 | AN39: =I39-J39 -> 8.9833022 | AO39: =N39-O39 -> -3.8732044 | AP39: =Q39-R39 -> -4.1200841 | AQ39: =T39-U39 -> -6.0429181 | AR39: =W39-X39 -> -4.1833673 | AS39: =Z39-AA39 -> -0.56313556 | AT39: =I39-J39 -> 8.9833022 | AU39: =L39-M39 -> 8.6811359 | AV39: =O39-P39 -> 8.532946 | AW39: =R39-S39 -> 7.6943033 | AX39: =U39-V39 -> 5.4643938 | AY39: =X39-Y39 -> 6.5946284 | AZ39: =AA39-AB39 -> 4.9800014 | BA39: =IF(AB39>55,IF(AL39<2,C39,IF(Y39>55,IF(AK39<2,C39,IF(V39>55,IF(AJ39<2,C39,"")))))) -> BI-RUI-005LD | BB39: =IF(AA39>65,IF(AS39<2,C39,IF(X39>65,IF(AR39<2,C39,IF(U39>65,IF(AQ39<2,C39,"")))))) -> BI-RUI-005LD | BC39: BI-RUI-C001LD | BF39: BI-RUI-C020LD | BI39: BI-RUI-C009LD
A40: 566 | B40: noviembre | C40: BI-RUI-005LD | E40: =10*LOG((1/7)*(10^(H40/10)+10^(K40/10)+10^(N40/10)+10^(Q40/10)+10^(T40/10)+10^(W40/10)+10^(Z40/10))) -> 69.242492 | F40: =10*LOG((1/7)*(10^(I40/10)+10^(L40/10)+10^(O40/10)+10^(R40/10)+10^(U40/10)+10^(X40/10)+10^(AA40/10))) -> 70.616988 | G40: =10*LOG((1/7)*(10^(J40/10)+10^(M40/10)+10^(P40/10)+10^(S40/10)+10^(V40/10)+10^(Y40/10)+10^(AB40/10))) -> 63.580553 | H40: 68.177866 | I40: 67.415605 | J40: 57.004803 | K40: 69.641588 | L40: 67.921264 | M40: 61.105463 | N40: 68.894994 | O40: 69.772436 | P40: 59.611482 | Q40: 67.897079 | R40: 69.91205 | S40: 61.004528 | T40: 69.264447 | U40: 72.285006 | V40: 66.05591 | W40: 70.447631 | X40: 73.801092 | Y40: 66.371098 | Z40: 69.809893 | AA40: 69.42853 | AB40: 65.598216 | AC40: =E40-G40 -> 5.6619399 | AD40: =E40-F40 -> -1.3744953 | AE40: =F40-G40 -> 7.0364352 | AF40: =H40-J40 -> 11.173063 | AG40: =K40-M40 -> 8.5361247 | AH40: =N40-P40 -> 9.2835118 | AI40: =Q40-S40 -> 6.8925514 | AJ40: =T40-V40 -> 3.2085367 | AK40: =W40-Y40 -> 4.0765327 | AL40: =Z40-AB40 -> 4.211677 | AM40: =H40-I40 -> 0.76226064 | AN40: =I40-J40 -> 10.410802 | AO40: =N40-O40 -> -0.8774423 | AP40: =Q40-R40 -> -2.0149708 | AQ40: =T40-U40 -> -3.0205591 | AR40: =W40-X40 -> -3.3534617 | AS40: =Z40-AA40 -> 0.38136265 | AT40: =I40-J40 -> 10.410802 | AU40: =L40-M40 -> 6.8158012 | AV40: =O40-P40 -> 10.160954 | AW40: =R40-S40 -> 8.9075222 | AX40: =U40-V40 -> 6.2290958 | AY40: =X40-Y40 -> 7.4299944 | AZ40: =AA40-AB40 -> 3.8303144 | BA40: =IF(AB40>55,IF(AL40<2,C40,IF(Y40>55,IF(AK40<2,C40,IF(V40>55,IF(AJ40<2,C40,"")))))) | BB40: =IF(AA40>65,IF(AS40<2,C40,IF(X40>65,IF(AR40<2,C40,IF(U40>65,IF(AQ40<2,C40,"")))))) -> BI-RUI-005LD | BC40: BI-RUI-C002LD | BF40: BI-RUI-C021LD | BI40: BI-RUI-C010LD
A41: 128 | B41: diciembre | C41: BI-RUI-005LD | E41: =10*LOG((1/7)*(10^(H41/10)+10^(K41/10)+10^(N41/10)+10^(Q41/10)+10^(T41/10)+10^(W41/10)+10^(Z41/10))) -> 70.284796 | F41: =10*LOG((1/7)*(10^(I41/10)+10^(L41/10)+10^(O41/10)+10^(R41/10)+10^(U41/10)+10^(X41/10)+10^(AA41/10))) -> 71.88507 | G41: =10*LOG((1/7)*(10^(J41/10)+10^(M41/10)+10^(P41/10)+10^(S41/10)+10^(V41/10)+10^(Y41/10)+10^(AB41/10))) -> 64.097511 | H41: 69.278028 | I41: 70.245261 | J41: 59.606869 | K41: 71.850853 | L41: 69.922121 | M41: 59.550862 | N41: 71.371591 | O41: 74.057862 | P41: 64.214244 | Q41: 69.642043 | R41: 70.598701 | S41: 66.429196 | T41: 69.300193 | U41: 73.763025 | V41: 65.218505 | W41: 70.433627 | X41: 73.155502 | Y41: 65.41615 | Z41: 69.282664 | AA41: 67.95395 | AB41: 63.669842 | AC41: =E41-G41 -> 6.1872852 | AD41: =E41-F41 -> -1.6002747 | AE41: =F41-G41 -> 7.7875599 | AF41: =H41-J41 -> 9.6711588 | AG41: =K41-M41 -> 12.299992 | AH41: =N41-P41 -> 7.1573464 | AI41: =Q41-S41 -> 3.212847 | AJ41: =T41-V41 -> 4.0816888 | AK41: =W41-Y41 -> 5.0174764 | AL41: =Z41-AB41 -> 5.6128225 | AM41: =H41-I41 -> -0.96723256 | AN41: =I41-J41 -> 10.638391 | AO41: =N41-O41 -> -2.6862713 | AP41: =Q41-R41 -> -0.95665754 | AQ41: =T41-U41 -> -4.4628318 | AR41: =W41-X41 -> -2.7218751 | AS41: =Z41-AA41 -> 1.3287139 | AT41: =I41-J41 -> 10.638391 | AU41: =L41-M41 -> 10.37126 | AV41: =O41-P41 -> 9.8436176 | AW41: =R41-S41 -> 4.1695046 | AX41: =U41-V41 -> 8.5445206 | AY41: =X41-Y41 -> 7.7393515 | AZ41: =AA41-AB41 -> 4.2841086 | BA41: =IF(AB41>55,IF(AL41<2,C41,IF(Y41>55,IF(AK41<2,C41,IF(V41>55,IF(AJ41<2,C41,"")))))) | BB41: =IF(AA41>65,IF(AS41<2,C41,IF(X41>65,IF(AR41<2,C41,IF(U41>65,IF(AQ41<2,C41,"")))))) -> BI-RUI-005LD | BC41: BI-RUI-C003LD | BF41: BI-RUI-C030LD | BI41: BI-RUI-C011LD
B42: TOTAL | C42: =C30 -> BI-RUI-005LD | D42: =D30 -> María Muñoz | E42: {=10*LOG(AVERAGE(10^(E30:E41/10)))} -> 69.972312 | F42: {=10*LOG(AVERAGE(10^(F30:F41/10)))} -> 71.984648 | G42: {=10*LOG(AVERAGE(10^(G30:G41/10)))} -> 64.327188 | H42: {=10*LOG(AVERAGE(10^(H30:H41/10)))} -> 69.456664 | I42: {=10*LOG(AVERAGE(10^(I30:I41/10)))} -> 70.593723 | J42: {=10*LOG(AVERAGE(10^(J30:J41/10)))} -> 60.723526 | K42: {=10*LOG(AVERAGE(10^(K30:K41/10)))} -> 70.28213 | L42: {=10*LOG(AVERAGE(10^(L30:L41/10)))} -> 70.490876 | ... AB42: {=10*LOG(AVERAGE(10^(AB30:AB41/10)))} -> 65.579263 | AC42: =E42-G42 -> 5.645124 | AD42: =E42-F42 -> -2.0123362 | AE42: =F42-G42 -> 7.6574602 | AF42: =H42-J42 -> 8.7331389 | AG42: =K42-M42 -> 9.3189403 | AH42: =N42-P42 -> 8.5404256 | AI42: =Q42-S42 -> 6.2310654 | AJ42: =T42-V42 -> 3.6044019 | AK42: =W42-Y42 -> 3.647094 | AL42: =Z42-AB42 -> 4.1168981 | AM42: =H42-I42 -> -1.1370588 | AN42: =I42-J42 -> 9.8701976 | AO42: =N42-O42 -> -1.5328146 | AP42: =Q42-R42 -> -2.311174 | AQ42: =T42-U42 -> -3.3008867 | AR42: =W42-X42 -> -3.7090682 | AS42: =Z42-AA42 -> -0.13847417 | AT42: =I42-J42 -> 9.8701976 | AU42: =L42-M42 -> 9.5276868 | AV42: =O42-P42 -> 10.07324 | AW42: =R42-S42 -> 8.5422393 | AX42: =U42-V42 -> 6.9052886 | AY42: =X42-Y42 -> 7.3561622 | AZ42: =AA42-AB42 -> 4.2553723 | BC42: BI-RUI-C004LD | BF42: BI-RUI-C031LD | BI42: BI-RUI-C015LD
A43: 190 | B43: enero | C43: BI-RUI-006LD | E43: =10*LOG((1/7)*(10^(H43/10)+10^(K43/10)+10^(N43/10)+10^(Q43/10)+10^(T43/10)+10^(W43/10)+10^(Z43/10))) -> 64.292686 | F43: =10*LOG((1/7)*(10^(I43/10)+10^(L43/10)+10^(O43/10)+10^(R43/10)+10^(U43/10)+10^(X43/10)+10^(AA43/10))) -> 70.360839 | G43: =10*LOG((1/7)*(10^(J43/10)+10^(M43/10)+10^(P43/10)+10^(S43/10)+10^(V43/10)+10^(Y43/10)+10^(AB43/10))) -> 70.788306 | H43: 61.840568 | I43: 62.126638 | J43: 60.219104 | K43: 61.517923 | L43: 62.248047 | M43: 59.880225 | N43: 61.636335 | O43: 61.89615 | P43: 59.284186 | Q43: 62.936762 | R43: 68.107961 | S43: 64.473125 | T43: 63.481404 | U43: 72.672976 | V43: 70.765445 | W43: 65.776969 | X43: 76.424668 | Y43: 75.263204 | Z43: 68.080727 | AA43: 63.679566 | AB43: 75.149821 | AC43: =E43-G43 -> -6.4956196 | AD43: =E43-F43 -> -6.0681525 | AE43: =F43-G43 -> -0.42746719 | AF43: =H43-J43 -> 1.6214631 | AG43: =K43-M43 -> 1.6376981 | AH43: =N43-P43 -> 2.3521494 | AI43: =Q43-S43 -> -1.5363624 | AJ43: =T43-V43 -> -7.284041 | AK43: =W43-Y43 -> -9.4862353 | AL43: =Z43-AB43 -> -7.0690941 | AM43: =H43-I43 -> -0.28607024 | AN43: =I43-J43 -> 1.9075334 | AO43: =N43-O43 -> -0.25981513 | AP43: =Q43-R43 -> -5.1711987 | AQ43: =T43-U43 -> -9.1915724 | AR43: =W43-X43 -> -10.647699 | AS43: =Z43-AA43 -> 4.4011609 | AT43: =I43-J43 -> 1.9075334 | AU43: =L43-M43 -> 2.3678221 | AV43: =O43-P43 -> 2.6119645 | AW43: =R43-S43 -> 3.6348363 | AX43: =U43-V43 -> 1.9075314 | AY43: =X43-Y43 -> 1.1614635 | AZ43: =AA43-AB43 -> -11.470255 | BA43: =IF(AB43>55,IF(AL43<2,C43,IF(Y43>55,IF(AK43<2,C43,IF(V43>55,IF(AJ43<2,C43,"")))))) -> BI-RUI-006LD | BB43: =IF(AA43>65,IF(AS43<2,C43,IF(X43>65,IF(AR43<2,C43,IF(U43>65,IF(AQ43<2,C43,"")))))) -> FALSE | BC43: BI-RUI-C005LD | BF43: BI-RUI-C032LD | BI43: BI-RUI-C017LD
A44: 253 | B44: febrero | C44: BI-RUI-006LD | E44: =10*LOG((1/7)*(10^(H44/10)+10^(K44/10)+10^(N44/10)+10^(Q44/10)+10^(T44/10)+10^(W44/10)+10^(Z44/10))) -> 64.833591 | F44: =10*LOG((1/7)*(10^(I44/10)+10^(L44/10)+10^(O44/10)+10^(R44/10)+10^(U44/10)+10^(X44/10)+10^(AA44/10))) -> 70.310127 | G44: =10*LOG((1/7)*(10^(J44/10)+10^(M44/10)+10^(P44/10)+10^(S44/10)+10^(V44/10)+10^(Y44/10)+10^(AB44/10))) -> 70.570983 | H44: 61.65042 | I44: 60.926756 | J44: 58.258532 | K44: 61.72686 | L44: 61.70332 | M44: 57.666653 | N44: 62.097989 | O44: 60.831759 | P44: 58.730659 | Q44: 62.566763 | R44: 65.504544 | S44: 62.201192 | T44: 62.716813 | U44: 72.252641 | V44: 68.6663 | W44: 68.524643 | X44: 76.956144 | Y44: 75.705506 | Z44: 67.735861 | AA44: 61.095784 | AB44: 74.999413 | AC44: =E44-G44 -> -5.7373921 | AD44: =E44-F44 -> -5.4765361 | AE44: =F44-G44 -> -0.26085591 | AF44: =H44-J44 -> 3.3918888 | AG44: =K44-M44 -> 4.0602075 | AH44: =N44-P44 -> 3.3673295 | AI44: =Q44-S44 -> 0.36557093 | AJ44: =T44-V44 -> -5.9494873 | AK44: =W44-Y44 -> -7.1808624 | AL44: =Z44-AB44 -> -7.2635514 | AM44: =H44-I44 -> 0.72366463 | AN44: =I44-J44 -> 2.6682241 | AO44: =N44-O44 -> 1.2662292 | AP44: =Q44-R44 -> -2.9377814 | AQ44: =T44-U44 -> -9.5358276 | AR44: =W44-X44 -> -8.431501 | AS44: =Z44-AA44 -> 6.6400771 | AT44: =I44-J44 -> 2.6682241 | AU44: =L44-M44 -> 4.0366672 | AV44: =O44-P44 -> 2.1011003 | AW44: =R44-S44 -> 3.3033523 | AX44: =U44-V44 -> 3.5863404 | AY44: =X44-Y44 -> 1.2506386 | AZ44: =AA44-AB44 -> -13.903628 | BA44: =IF(AB44>55,IF(AL44<2,C44,IF(Y44>55,IF(AK44<2,C44,IF(V44>55,IF(AJ44<2,C44,"")))))) -> BI-RUI-006LD | BB44: =IF(AA44>65,IF(AS44<2,C44,IF(X44>65,IF(AR44<2,C44,IF(U44>65,IF(AQ44<2,C44,"")))))) -> FALSE | BC44: BI-RUI-C006LD | BF44: BI-RUI-C033LD | BI44: 0
A45: 441 | B45: marzo | C45: BI-RUI-006LD | E45: =10*LOG((1/7)*(10^(H45/10)+10^(K45/10)+10^(N45/10)+10^(Q45/10)+10^(T45/10)+10^(W45/10)+10^(Z45/10))) -> 63.613286 | F45: =10*LOG((1/7)*(10^(I45/10)+10^(L45/10)+10^(O45/10)+10^(R45/10)+10^(U45/10)+10^(X45/10)+10^(AA45/10))) -> 70.695414 | G45: =10*LOG((1/7)*(10^(J45/10)+10^(M45/10)+10^(P45/10)+10^(S45/10)+10^(V45/10)+10^(Y45/10)+10^(AB45/10))) -> 70.140955 | H45: 60.615697 | I45: 59.425562 | J45: 59.260051 | K45: 60.835016 | L45: 61.611299 | M45: 59.080536 | N45: 61.234022 | O45: 62.762922 | P45: 58.657932 | Q45: 62.96333 | R45: 68.003945 | S45: 63.120089 | T45: 61.061156 | U45: 72.965618 | V45: 69.13002 | W45: 67.573941 | X45: 76.984039 | Y45: 74.778298 | Z45: 65.336493 | AA45: 62.77834 | AB45: 74.718432 | AC45: =E45-G45 -> -6.5276688 | AD45: =E45-F45 -> -7.0821278 | AE45: =F45-G45 -> 0.55445902 | AF45: =H45-J45 -> 1.355646 | AG45: =K45-M45 -> 1.7544791 | AH45: =N45-P45 -> 2.57609 | AI45: =Q45-S45 -> -0.15675982 | AJ45: =T45-V45 -> -8.0688641 | AK45: =W45-Y45 -> -7.2043567 | AL45: =Z45-AB45 -> -9.3819389 | AM45: =H45-I45 -> 1.1901351 | AN45: =I45-J45 -> 0.16551089 | AO45: =N45-O45 -> -1.5289002 | AP45: =Q45-R45 -> -5.0406157 | AQ45: =T45-U45 -> -11.904462 | AR45: =W45-X45 -> -9.4100983 | AS45: =Z45-AA45 -> 2.5581532 | AT45: =I45-J45 -> 0.16551089 | AU45: =L45-M45 -> 2.530763 | AV45: =O45-P45 -> 4.1049902 | AW45: =R45-S45 -> 4.8838559 | AX45: =U45-V45 -> 3.8355979 | AY45: =X45-Y45 -> 2.2057417 | AZ45: =AA45-AB45 -> -11.940092 | BA45: =IF(AB45>55,IF(AL45<2,C45,IF(Y45>55,IF(AK45<2,C45,IF(V45>55,IF(AJ45<2,C45,"")))))) -> BI-RUI-006LD | BB45: =IF(AA45>65,IF(AS45<2,C45,IF(X45>65,IF(AR45<2,C45,IF(U45>65,IF(AQ45<2,C45,"")))))) -> FALSE | BC45: BI-RUI-C008LD | BF45: BI-RUI-C034LD | BI45: BI-RUI-C018LD
A46: 3 | B46: abril | C46: BI-RUI-006LD | E46: =10*LOG((1/7)*(10^(H46/10)+10^(K46/10)+10^(N46/10)+10^(Q46/10)+10^(T46/10)+10^(W46/10)+10^(Z46/10))) -> 63.765009 | F46: =10*LOG((1/7)*(10^(I46/10)+10^(L46/10)+10^(O46/10)+10^(R46/10)+10^(U46/10)+10^(X46/10)+10^(AA46/10))) -> 70.865313 | G46: =10*LOG((1/7)*(10^(J46/10)+10^(M46/10)+10^(P46/10)+10^(S46/10)+10^(V46/10)+10^(Y46/10)+10^(AB46/10))) -> 70.997216 | H46: 61.492975 | I46: 60.520224 | J46: 61.619741 | K46: 60.593744 | L46: 60.390806 | M46: 60.471577 | N46: 61.118911 | O46: 65.080788 | P46: 61.785077 | Q46: 62.534245 | R46: 68.922098 | S46: 66.662881 | T46: 62.362769 | U46: 72.950204 | V46: 70.178974 | W46: 67.392555 | X46: 76.452595 | Y46: 75.666194 | Z46: 65.803701 | AA46: 69.180303 | AB46: 75.060925 | AC46: =E46-G46 -> -7.2322076 | AD46: =E46-F46 -> -7.1003044 | AE46: =F46-G46 -> -0.13190325 | AF46: =H46-J46 -> -0.12676623 | AG46: =K46-M46 -> 0.12216695 | AH46: =N46-P46 -> -0.66616576 | AI46: =Q46-S46 -> -4.1286361 | AJ46: =T46-V46 -> -7.8162044 | AK46: =W46-Y46 -> -8.2736392 | AL46: =Z46-AB46 -> -9.2572241 | AM46: =H46-I46 -> 0.97275069 | AN46: =I46-J46 -> -1.0995169 | AO46: =N46-O46 -> -3.9618775 | AP46: =Q46-R46 -> -6.3878529 | AQ46: =T46-U46 -> -10.587435 | AR46: =W46-X46 -> -9.0600398 | AS46: =Z46-AA46 -> -3.3766021 | AT46: =I46-J46 -> -1.0995169 | AU46: =L46-M46 -> -0.080770545 | AV46: =O46-P46 -> 3.2957118 | AW46: =R46-S46 -> 2.2592168 | AX46: =U46-V46 -> 2.7712305 | AY46: =X46-Y46 -> 0.78640062 | AZ46: =AA46-AB46 -> -5.880622 | BA46: =IF(AB46>55,IF(AL46<2,C46,IF(Y46>55,IF(AK46<2,C46,IF(V46>55,IF(AJ46<2,C46,"")))))) -> BI-RUI-006LD | BB46: =IF(AA46>65,IF(AS46<2,C46,IF(X46>65,IF(AR46<2,C46,IF(U46>65,IF(AQ46<2,C46,"")))))) -> BI-RUI-006LD | BC46: BI-RUI-C009LD | BF46: BI-RUI-P001LD | BI46: BI-RUI-C019LD
A47: 504 | B47: mayo | C47: BI-RUI-006LD | E47: =10*LOG((1/7)*(10^(H47/10)+10^(K47/10)+10^(N47/10)+10^(Q47/10)+10^(T47/10)+10^(W47/10)+10^(Z47/10))) -> 63.811318 | F47: =10*LOG((1/7)*(10^(I47/10)+10^(L47/10)+10^(O47/10)+10^(R47/10)+10^(U47/10)+10^(X47/10)+10^(AA47/10))) -> 70.641805 | G47: =10*LOG((1/7)*(10^(J47/10)+10^(M47/10)+10^(P47/10)+10^(S47/10)+10^(V47/10)+10^(Y47/10)+10^(AB47/10))) -> 70.66192 | H47: 60.187482 | I47: 60.69982 | J47: 65.242202 | K47: 60.311233 | L47: 59.956382 | M47: 58.955156 | N47: 59.854508 | O47: 60.889618 | P47: 59.401514 | Q47: 61.483551 | R47: 65.87586 | S47: 61.795929 | T47: 60.981099 | U47: 73.126543 | V47: 69.146833 | W47: 66.568327 | X47: 76.963169 | Y47: 75.721356 | Z47: 68.163646 | AA47: 65.62178 | AB47: 74.692111 | AC47: =E47-G47 -> -6.8506022 | AD47: =E47-F47 -> -6.8304873 | AE47: =F47-G47 -> -0.020114872 | AF47: =H47-J47 -> -5.0547198 | AG47: =K47-M47 -> 1.356077 | AH47: =N47-P47 -> 0.45299367 | AI47: =Q47-S47 -> -0.31237761 | AJ47: =T47-V47 -> -8.1657339 | AK47: =W47-Y47 -> -9.1530291 | AL47: =Z47-AB47 -> -6.5284641 | AM47: =H47-I47 -> -0.51233812 | AN47: =I47-J47 -> -4.5423817 | AO47: =N47-O47 -> -1.0351101 | AP47: =Q47-R47 -> -4.3923088 | AQ47: =T47-U47 -> -12.145444 | AR47: =W47-X47 -> -10.394842 | AS47: =Z47-AA47 -> 2.5418664 | AT47: =I47-J47 -> -4.5423817 | AU47: =L47-M47 -> 1.0012262 | AV47: =O47-P47 -> 1.4881037 | AW47: =R47-S47 -> 4.0799312 | AX47: =U47-V47 -> 3.9797102 | AY47: =X47-Y47 -> 1.241813 | AZ47: =AA47-AB47 -> -9.0703304 | BA47: =IF(AB47>55,IF(AL47<2,C47,IF(Y47>55,IF(AK47<2,C47,IF(V47>55,IF(AJ47<2,C47,"")))))) -> BI-RUI-006LD | BB47: =IF(AA47>65,IF(AS47<2,C47,IF(X47>65,IF(AR47<2,C47,IF(U47>65,IF(AQ47<2,C47,"")))))) -> BI-RUI-006LD | BC47: BI-RUI-C010LD | BF47: BI-RUI-P002LD | BI47: BI-RUI-C020LD
A48: 378 | B48: junio | C48: BI-RUI-006LD | E48: =10*LOG((1/7)*(10^(H48/10)+10^(K48/10)+10^(N48/10)+10^(Q48/10)+10^(T48/10)+10^(W48/10)+10^(Z48/10))) -> 65.699755 | F48: =10*LOG((1/7)*(10^(I48/10)+10^(L48/10)+10^(O48/10)+10^(R48/10)+10^(U48/10)+10^(X48/10)+10^(AA48/10))) -> 73.203362 | G48: =10*LOG((1/7)*(10^(J48/10)+10^(M48/10)+10^(P48/10)+10^(S48/10)+10^(V48/10)+10^(Y48/10)+10^(AB48/10))) -> 75.411578 | H48: 63.944267 | I48: 61.695053 | J48: 59.699259 | K48: 61.114553 | L48: 61.332636 | M48: 59.279494 | N48: 60.944625 | O48: 62.624536 | P48: 59.125242 | Q48: 61.986645 | R48: 75.512598 | S48: 66.645347 | T48: 62.031606 | U48: 75.555874 | V48: 74.406492 | W48: 67.715115 | X48: 78.250213 | Y48: 80.23998 | Z48: 70.757341 | AA48: 65.230424 | AB48: 80.123408 | AC48: =E48-G48 -> -9.7118237 | AD48: =E48-F48 -> -7.5036078 | AE48: =F48-G48 -> -2.2082159 | AF48: =H48-J48 -> 4.2450076 | AG48: =K48-M48 -> 1.835059 | AH48: =N48-P48 -> 1.8193824 | AI48: =Q48-S48 -> -4.6587026 | AJ48: =T48-V48 -> -12.374886 | AK48: =W48-Y48 -> -12.524866 | AL48: =Z48-AB48 -> -9.3660669 | AM48: =H48-I48 -> 2.2492141 | AN48: =I48-J48 -> 1.9957935 | AO48: =N48-O48 -> -1.6799113 | AP48: =Q48-R48 -> -13.525953 | AQ48: =T48-U48 -> -13.524267 | AR48: =W48-X48 -> -10.535098 | AS48: =Z48-AA48 -> 5.5269164 | AT48: =I48-J48 -> 1.9957935 | AU48: =L48-M48 -> 2.0531418 | AV48: =O48-P48 -> 3.4992938 | AW48: =R48-S48 -> 8.8672504 | AX48: =U48-V48 -> 1.1493813 | AY48: =X48-Y48 -> -1.9897678 | AZ48: =AA48-AB48 -> -14.892983 | BA48: =IF(AB48>55,IF(AL48<2,C48,IF(Y48>55,IF(AK48<2,C48,IF(V48>55,IF(AJ48<2,C48,"")))))) -> BI-RUI-006LD | BB48: =IF(AA48>65,IF(AS48<2,C48,IF(X48>65,IF(AR48<2,C48,IF(U48>65,IF(AQ48<2,C48,"")))))) -> BI-RUI-006LD | BC48: BI-RUI-C011LD | BF48: BI-RUI-P003LD | BI48: BI-RUI-C021LD
A49: 315 | B49: julio | C49: BI-RUI-006LD | E49: =10*LOG((1/7)*(10^(H49/10)+10^(K49/10)+10^(N49/10)+10^(Q49/10)+10^(T49/10)+10^(W49/10)+10^(Z49/10))) -> 63.150692 | F49: =10*LOG((1/7)*(10^(I49/10)+10^(L49/10)+10^(O49/10)+10^(R49/10)+10^(U49/10)+10^(X49/10)+10^(AA49/10))) -> 70.431667 | G49: =10*LOG((1/7)*(10^(J49/10)+10^(M49/10)+10^(P49/10)+10^(S49/10)+10^(V49/10)+10^(Y49/10)+10^(AB49/10))) -> 73.278536 | H49: 60.514025 | I49: 62.904841 | J49: 62.79189 | K49: 61.640268 | L49: 63.53123 | M49: 62.253532 | N49: 62.866463 | O49: 64.610079 | P49: 60.191944 | Q49: 62.389081 | R49: 69.93552 | S49: 63.292119 | T49: 60.826971 | U49: 71.674166 | V49: 70.649615 | W49: 66.657219 | X49: 76.288534 | Y49: 78.962447 | Z49: 63.739917 | AA49: 64.936096 | AB49: 77.142943 | AC49: =E49-G49 -> -10.127843 | AD49: =E49-F49 -> -7.280975 | AE49: =F49-G49 -> -2.8468683 | AF49: =H49-J49 -> -2.2778646 | AG49: =K49-M49 -> -0.61326314 | AH49: =N49-P49 -> 2.6745191 | AI49: =Q49-S49 -> -0.9030378 | AJ49: =T49-V49 -> -9.8226438 | AK49: =W49-Y49 -> -12.305228 | AL49: =Z49-AB49 -> -13.403026 | AM49: =H49-I49 -> -2.390816 | AN49: =I49-J49 -> 0.11295139 | AO49: =N49-O49 -> -1.7436164 | AP49: =Q49-R49 -> -7.5464385 | AQ49: =T49-U49 -> -10.847195 | AR49: =W49-X49 -> -9.631315 | AS49: =Z49-AA49 -> -1.1961788 | AT49: =I49-J49 -> 0.11295139 | AU49: =L49-M49 -> 1.2776985 | AV49: =O49-P49 -> 4.4181355 | AW49: =R49-S49 -> 6.6434007 | AX49: =U49-V49 -> 1.0245516 | AY49: =X49-Y49 -> -2.6739132 | AZ49: =AA49-AB49 -> -12.206847 | BA49: =IF(AB49>55,IF(AL49<2,C49,IF(Y49>55,IF(AK49<2,C49,IF(V49>55,IF(AJ49<2,C49,"")))))) -> BI-RUI-006LD | BB49: =IF(AA49>65,IF(AS49<2,C49,IF(X49>65,IF(AR49<2,C49,IF(U49>65,IF(AQ49<2,C49,"")))))) -> FALSE | BC49: BI-RUI-C015LD | BF49: BI-RUI-P004LD | BI49: BI-RUI-C022LD
A50: 66 | B50: agosto | C50: BI-RUI-006LD | E50: =10*LOG((1/7)*(10^(H50/10)+10^(K50/10)+10^(N50/10)+10^(Q50/10)+10^(T50/10)+10^(W50/10)+10^(Z50/10))) -> 65.146237 | F50: =10*LOG((1/7)*(10^(I50/10)+10^(L50/10)+10^(O50/10)+10^(R50/10)+10^(U50/10)+10^(X50/10)+10^(AA50/10))) -> 73.887259 | G50: =10*LOG((1/7)*(10^(J50/10)+10^(M50/10)+10^(P50/10)+10^(S50/10)+10^(V50/10)+10^(Y50/10)+10^(AB50/10))) -> 73.011406 | H50: 63.608521 | I50: 69.083517 | J50: 67.033619 | K50: 63.248344 | L50: 68.645187 | M50: 66.145218 | N50: 63.674138 | O50: 70.082712 | P50: 66.448822 | Q50: 64.910493 | R50: 73.633216 | S50: 70.699609 | T50: 64.275301 | U50: 77.160861 | V50: 73.302899 | W50: 67.815848 | X50: 78.090428 | Y50: 77.883379 | Z50: 66.368868 | AA50: 67.922935 | AB50: 75.036285 | AC50: =E50-G50 -> -7.8651681 | AD50: =E50-F50 -> -8.7410213 | AE50: =F50-G50 -> 0.87585326 | AF50: =H50-J50 -> -3.4250975 | AG50: =K50-M50 -> -2.8968741 | AH50: =N50-P50 -> -2.7746848 | AI50: =Q50-S50 -> -5.7891167 | AJ50: =T50-V50 -> -9.0275976 | AK50: =W50-Y50 -> -10.067531 | AL50: =Z50-AB50 -> -8.6674171 | AM50: =H50-I50 -> -5.474996 | AN50: =I50-J50 -> 2.0498986 | AO50: =N50-O50 -> -6.4085745 | AP50: =Q50-R50 -> -8.7227234 | AQ50: =T50-U50 -> -12.885559 | AR50: =W50-X50 -> -10.27458 | AS50: =Z50-AA50 -> -1.5540667 | AT50: =I50-J50 -> 2.0498986 | AU50: =L50-M50 -> 2.4999693 | AV50: =O50-P50 -> 3.6338898 | AW50: =R50-S50 -> 2.9336067 | AX50: =U50-V50 -> 3.8579618 | AY50: =X50-Y50 -> 0.20704872 | AZ50: =AA50-AB50 -> -7.1133504 | BA50: =IF(AB50>55,IF(AL50<2,C50,IF(Y50>55,IF(AK50<2,C50,IF(V50>55,IF(AJ50<2,C50,"")))))) -> BI-RUI-006LD | BB50: =IF(AA50>65,IF(AS50<2,C50,IF(X50>65,IF(AR50<2,C50,IF(U50>65,IF(AQ50<2,C50,"")))))) -> BI-RUI-006LD | BC50: BI-RUI-C017LD | BF50: BI-RUI-P005LD | BI50: BI-RUI-C030LD
A51: 690 | B51: septiembre | C51: BI-RUI-006LD | E51: =10*LOG((1/7)*(10^(H51/10)+10^(K51/10)+10^(N51/10)+10^(Q51/10)+10^(T51/10)+10^(W51/10)+10^(Z51/10))) -> 64.425135 | F51: =10*LOG((1/7)*(10^(I51/10)+10^(L51/10)+10^(O51/10)+10^(R51/10)+10^(U51/10)+10^(X51/10)+10^(AA51/10))) -> 71.332031 | G51: =10*LOG((1/7)*(10^(J51/10)+10^(M51/10)+10^(P51/10)+10^(S51/10)+10^(V51/10)+10^(Y51/10)+10^(AB51/10))) -> 70.589033 | H51: 61.503458 | I51: 64.648858 | J51: 62.622097 | K51: 60.884006 | L51: 63.589289 | M51: 64.966996 | N51: 61.007159 | O51: 66.603167 | P51: 63.204759 | Q51: 62.450429 | R51: 68.481684 | S51: 62.8509 | T51: 67.156615 | U51: 74.316787 | V51: 69.903424 | W51: 65.380333 | X51: 76.358124 | Y51: 74.882616 | Z51: 67.063237 | AA51: 69.057071 | AB51: 74.860285 | AC51: =E51-G51 -> -6.1638986 | AD51: =E51-F51 -> -6.9068961 | AE51: =F51-G51 -> 0.74299747 | AF51: =H51-J51 -> -1.1186385 | AG51: =K51-M51 -> -4.0829899 | AH51: =N51-P51 -> -2.1975992 | AI51: =Q51-S51 -> -0.40047114 | AJ51: =T51-V51 -> -2.7468089 | AK51: =W51-Y51 -> -9.5022829 | AL51: =Z51-AB51 -> -7.7970473 | AM51: =H51-I51 -> -3.1453991 | AN51: =I51-J51 -> 2.0267606 | AO51: =N51-O51 -> -5.5960075 | AP51: =Q51-R51 -> -6.0312552 | AQ51: =T51-U51 -> -7.1601717 | AR51: =W51-X51 -> -10.977791 | AS51: =Z51-AA51 -> -1.9938334 | AT51: =I51-J51 -> 2.0267606 | AU51: =L51-M51 -> -1.3777075 | AV51: =O51-P51 -> 3.3984084 | AW51: =R51-S51 -> 5.6307841 | AX51: =U51-V51 -> 4.4133628 | AY51: =X51-Y51 -> 1.4755079 | AZ51: =AA51-AB51 -> -5.8032139 | BA51: =IF(AB51>55,IF(AL51<2,C51,IF(Y51>55,IF(AK51<2,C51,IF(V51>55,IF(AJ51<2,C51,"")))))) -> BI-RUI-006LD | BB51: =IF(AA51>65,IF(AS51<2,C51,IF(X51>65,IF(AR51<2,C51,IF(U51>65,IF(AQ51<2,C51,"")))))) -> BI-RUI-006LD | BC51: BI-RUI-C018LD | BF51: BI-RUI-P006LD | BI51: BI-RUI-C031LD
A52: 628 | B52: octubre | C52: BI-RUI-006LD | E52: =10*LOG((1/7)*(10^(H52/10)+10^(K52/10)+10^(N52/10)+10^(Q52/10)+10^(T52/10)+10^(W52/10)+10^(Z52/10))) -> 65.647053 | F52: =10*LOG((1/7)*(10^(I52/10)+10^(L52/10)+10^(O52/10)+10^(R52/10)+10^(U52/10)+10^(X52/10)+10^(AA52/10))) -> 71.846138 | G52: =10*LOG((1/7)*(10^(J52/10)+10^(M52/10)+10^(P52/10)+10^(S52/10)+10^(V52/10)+10^(Y52/10)+10^(AB52/10))) -> 71.513034 | H52: 61.308824 | I52: 64.312401 | J52: 60.538527 | K52: 63.677749 | L52: 67.227886 | M52: 63.825407 | N52: 62.430934 | O52: 62.113794 | P52: 69.242081 | Q52: 63.701659 | R52: 69.866254 | S52: 64.827342 | T52: 63.774441 | U52: 74.204108 | V52: 71.404211 | W52: 67.6276 | X52: 77.077505 | Y52: 75.778472 | Z52: 69.88433 | AA52: 70.181714 | AB52: 75.12472 | AC52: =E52-G52 -> -5.8659809 | AD52: =E52-F52 -> -6.1990845 | AE52: =F52-G52 -> 0.33310358 | AF52: =H52-J52 -> 0.77029733 | AG52: =K52-M52 -> -0.14765796 | AH52: =N52-P52 -> -6.811147 | AI52: =Q52-S52 -> -1.1256822 | AJ52: =T52-V52 -> -7.6297696 | AK52: =W52-Y52 -> -8.1508719 | AL52: =Z52-AB52 -> -5.2403893 | AM52: =H52-I52 -> -3.0035771 | AN52: =I52-J52 -> 3.7738745 | AO52: =N52-O52 -> 0.3171405 | AP52: =Q52-R52 -> -6.1645944 | AQ52: =T52-U52 -> -10.429668 | AR52: =W52-X52 -> -9.4499043 | AS52: =Z52-AA52 -> -0.29738331 | AT52: =I52-J52 -> 3.7738745 | AU52: =L52-M52 -> 3.4024796 | AV52: =O52-P52 -> -7.1282875 | AW52: =R52-S52 -> 5.0389122 | AX52: =U52-V52 -> 2.7998979 | AY52: =X52-Y52 -> 1.2990325 | AZ52: =AA52-AB52 -> -4.943006 | BA52: =IF(AB52>55,IF(AL52<2,C52,IF(Y52>55,IF(AK52<2,C52,IF(V52>55,IF(AJ52<2,C52,"")))))) -> BI-RUI-006LD | BB52: =IF(AA52>65,IF(AS52<2,C52,IF(X52>65,IF(AR52<2,C52,IF(U52>65,IF(AQ52<2,C52,"")))))) -> BI-RUI-006LD | BC52: BI-RUI-C019LD | BF52: BI-RUI-P007LD | BI52: BI-RUI-C032LD
A53: 567 | B53: noviembre | C53: BI-RUI-006LD | E53: =10*LOG((1/7)*(10^(H53/10)+10^(K53/10)+10^(N53/10)+10^(Q53/10)+10^(T53/10)+10^(W53/10)+10^(Z53/10))) -> 66.483606 | F53: =10*LOG((1/7)*(10^(I53/10)+10^(L53/10)+10^(O53/10)+10^(R53/10)+10^(U53/10)+10^(X53/10)+10^(AA53/10))) -> 71.193308 | G53: =10*LOG((1/7)*(10^(J53/10)+10^(M53/10)+10^(P53/10)+10^(S53/10)+10^(V53/10)+10^(Y53/10)+10^(AB53/10))) -> 70.718338 | H53: 66.336861 | I53: 60.952857 | J53: 58.685279 | K53: 64.576184 | L53: 63.58993 | M53: 68.016166 | N53: 62.146372 | O53: 61.465858 | P53: 58.41339 | Q53: 66.604308 | R53: 67.50588 | S53: 62.413878 | T53: 66.0002 | U53: 74.481052 | V53: 68.681126 | W53: 68.334445 | X53: 76.975914 | Y53: 75.359774 | Z53: 68.431748 | AA53: 65.646451 | AB53: 74.961909 | AC53: =E53-G53 -> -4.234732 | AD53: =E53-F53 -> -4.709702 | AE53: =F53-G53 -> 0.47497007 | AF53: =H53-J53 -> 7.6515823 | AG53: =K53-M53 -> -3.4399819 | AH53: =N53-P53 -> 3.732982 | AI53: =Q53-S53 -> 4.19043 | AJ53: =T53-V53 -> -2.6809263 | AK53: =W53-Y53 -> -7.0253292 | AL53: =Z53-AB53 -> -6.5301606 | AM53: =H53-I53 -> 5.3840047 | AN53: =I53-J53 -> 2.2675777 | AO53: =N53-O53 -> 0.68051449 | AP53: =Q53-R53 -> -0.90157174 | AQ53: =T53-U53 -> -8.4808518 | AR53: =W53-X53 -> -8.6414692 | AS53: =Z53-AA53 -> 2.7852974 | AT53: =I53-J53 -> 2.2675777 | AU53: =L53-M53 -> -4.4262362 | AV53: =O53-P53 -> 3.0524675 | AW53: =R53-S53 -> 5.0920017 | AX53: =U53-V53 -> 5.7999256 | AY53: =X53-Y53 -> 1.6161399 | AZ53: =AA53-AB53 -> -9.315458 | BA53: =IF(AB53>55,IF(AL53<2,C53,IF(Y53>55,IF(AK53<2,C53,IF(V53>55,IF(AJ53<2,C53,"")))))) -> BI-RUI-006LD | BB53: =IF(AA53>65,IF(AS53<2,C53,IF(X53>65,IF(AR53<2,C53,IF(U53>65,IF(AQ53<2,C53,"")))))) -> BI-RUI-006LD | BC53: BI-RUI-C020LD | BF53: BI-RUI-P008LD | BI53: BI-RUI-C033LD
A54: 129 | B54: diciembre | C54: BI-RUI-006LD | E54: =10*LOG((1/7)*(10^(H54/10)+10^(K54/10)+10^(N54/10)+10^(Q54/10)+10^(T54/10)+10^(W54/10)+10^(Z54/10))) -> 65.764601 | F54: =10*LOG((1/7)*(10^(I54/10)+10^(L54/10)+10^(O54/10)+10^(R54/10)+10^(U54/10)+10^(X54/10)+10^(AA54/10))) -> 71.754567 | G54: =10*LOG((1/7)*(10^(J54/10)+10^(M54/10)+10^(P54/10)+10^(S54/10)+10^(V54/10)+10^(Y54/10)+10^(AB54/10))) -> 71.427215 | H54: 62.377276 | I54: 62.693901 | J54: 57.978322 | K54: 63.679952 | L54: 62.302261 | M54: 59.717987 | N54: 67.655983 | O54: 72.535429 | P54: 64.034762 | Q54: 65.027405 | R54: 69.44506 | S54: 69.604051 | T54: 62.867084 | U54: 75.789468 | V54: 71.565989 | W54: 68.383843 | X54: 74.871847 | Y54: 75.872153 | Z54: 66.528222 | AA54: 67.729835 | AB54: 74.915182 | AC54: =E54-G54 -> -5.6626139 | AD54: =E54-F54 -> -5.9899659 | AE54: =F54-G54 -> 0.32735204 | AF54: =H54-J54 -> 4.3989531 | AG54: =K54-M54 -> 3.961965 | AH54: =N54-P54 -> 3.6212206 | AI54: =Q54-S54 -> -4.5766453 | AJ54: =T54-V54 -> -8.6989054 | AK54: =W54-Y54 -> -7.4883098 | AL54: =Z54-AB54 -> -8.3869595 | AM54: =H54-I54 -> -0.3166255 | AN54: =I54-J54 -> 4.7155786 | AO54: =N54-O54 -> -4.8794461 | AP54: =Q54-R54 -> -4.4176548 | AQ54: =T54-U54 -> -12.922384 | AR54: =W54-X54 -> -6.4880038 | AS54: =Z54-AA54 -> -1.2016132 | AT54: =I54-J54 -> 4.7155786 | AU54: =L54-M54 -> 2.5842738 | AV54: =O54-P54 -> 8.5006666 | AW54: =R54-S54 -> -0.15899055 | AX54: =U54-V54 -> 4.223479 | AY54: =X54-Y54 -> -1.0003059 | AZ54: =AA54-AB54 -> -7.1853464 | BA54: =IF(AB54>55,IF(AL54<2,C54,IF(Y54>55,IF(AK54<2,C54,IF(V54>55,IF(AJ54<2,C54,"")))))) -> BI-RUI-006LD | BB54: =IF(AA54>65,IF(AS54<2,C54,IF(X54>65,IF(AR54<2,C54,IF(U54>65,IF(AQ54<2,C54,"")))))) -> BI-RUI-006LD | BC54: BI-RUI-C021LD | BF54: BI-RUI-P009LD | BI54: BI-RUI-C034LD
B55: TOTAL | C55: =C43 -> BI-RUI-006LD | D55: =D43 -> 0 | E55: {=10*LOG(AVERAGE(10^(E43:E54/10)))} -> 64.834206 | F55: {=10*LOG(AVERAGE(10^(F43:F54/10)))} -> 71.527902 | G55: {=10*LOG(AVERAGE(10^(G43:G54/10)))} -> 71.887133 | H55: {=10*LOG(AVERAGE(10^(H43:H54/10)))} -> 62.490738 | I55: {=10*LOG(AVERAGE(10^(I43:I54/10)))} -> 63.407006 | J55: {=10*LOG(AVERAGE(10^(J43:J54/10)))} -> 62.124951 | K55: {=10*LOG(AVERAGE(10^(K43:K54/10)))} -> 62.210512 | L55: {=10*LOG(AVERAGE(10^(L43:L54/10)))} -> 63.858683 | ... AB55: {=10*LOG(AVERAGE(10^(AB43:AB54/10)))} -> 75.906994 | AC55: =E55-G55 -> -7.0529268 | AD55: =E55-F55 -> -6.693696 | AE55: =F55-G55 -> -0.35923087 | AF55: =H55-J55 -> 0.36578691 | AG55: =K55-M55 -> -0.75109511 | AH55: =N55-P55 -> -0.37550834 | AI55: =Q55-S55 -> -2.3718644 | AJ55: =T55-V55 -> -7.4522978 | AK55: =W55-Y55 -> -9.2939303 | AL55: =Z55-AB55 -> -8.1842772 | AM55: =H55-I55 -> -0.91626792 | AN55: =I55-J55 -> 1.2820548 | AO55: =N55-O55 -> -3.3978415 | AP55: =Q55-R55 -> -6.7128394 | AQ55: =T55-U55 -> -10.648876 | AR55: =W55-X55 -> -9.4710027 | AS55: =Z55-AA55 -> 0.86761242 | AT55: =I55-J55 -> 1.2820548 | AU55: =L55-M55 -> 0.89707647 | AV55: =O55-P55 -> 3.0223332 | AW55: =R55-S55 -> 4.3409749 | AX55: =U55-V55 -> 3.1965783 | AY55: =X55-Y55 -> 0.17707243 | AZ55: =AA55-AB55 -> -9.0518896 | BC55: BI-RUI-C022LD | BF55: BI-RUI-P010LD | BI55: BI-RUI-P001LD
A56: 191 | B56: enero | C56: BI-RUI-007LD | D56: Av. Madariaga | E56: =10*LOG((1/7)*(10^(H56/10)+10^(K56/10)+10^(N56/10)+10^(Q56/10)+10^(T56/10)+10^(W56/10)+10^(Z56/10))) -> 66.481188 | F56: =10*LOG((1/7)*(10^(I56/10)+10^(L56/10)+10^(O56/10)+10^(R56/10)+10^(U56/10)+10^(X56/10)+10^(AA56/10))) -> 66.126319 | G56: =10*LOG((1/7)*(10^(J56/10)+10^(M56/10)+10^(P56/10)+10^(S56/10)+10^(V56/10)+10^(Y56/10)+10^(AB56/10))) -> 63.005402 | H56: 67.338003 | I56: 66.191521 | J56: 61.910095 | K56: 67.220021 | L56: 65.56795 | M56: 61.929302 | N56: 66.870358 | O56: 66.030311 | P56: 61.379436 | Q56: 67.165016 | R56: 66.642148 | S56: 61.674963 | T56: 66.598334 | U56: 66.813055 | V56: 62.425295 | W56: 65.208117 | X56: 66.974589 | Y56: 63.931193 | Z56: 63.954641 | AA56: 64.009795 | AB56: 65.806596 | AC56: =E56-G56 -> 3.4757861 | AD56: =E56-F56 -> 0.35486901 | AE56: =F56-G56 -> 3.1209171 | AF56: =H56-J56 -> 5.4279079 | AG56: =K56-M56 -> 5.2907184 | AH56: =N56-P56 -> 5.4909219 | AI56: =Q56-S56 -> 5.4900529 | AJ56: =T56-V56 -> 4.1730391 | AK56: =W56-Y56 -> 1.2769243 | AL56: =Z56-AB56 -> -1.851955 | AM56: =H56-I56 -> 1.1464821 | AN56: =I56-J56 -> 4.2814258 | AO56: =N56-O56 -> 0.84004629 | AP56: =Q56-R56 -> 0.52286775 | AQ56: =T56-U56 -> -0.2147207 | AR56: =W56-X56 -> -1.7664717 | AS56: =Z56-AA56 -> -0.055153629 | AT56: =I56-J56 -> 4.2814258 | AU56: =L56-M56 -> 3.638648 | AV56: =O56-P56 -> 4.6508756 | AW56: =R56-S56 -> 4.9671852 | AX56: =U56-V56 -> 4.3877598 | AY56: =X56-Y56 -> 3.043396 | AZ56: =AA56-AB56 -> -1.7968014 | BA56: =IF(AB56>55,IF(AL56<2,C56,IF(Y56>55,IF(AK56<2,C56,IF(V56>55,IF(AJ56<2,C56,"")))))) -> BI-RUI-007LD | BB56: =IF(AA56>65,IF(AS56<2,C56,IF(X56>65,IF(AR56<2,C56,IF(U56>65,IF(AQ56<2,C56,"")))))) -> FALSE | BC56: BI-RUI-C030LD | BF56: BI-RUI-P011LD | BI56: BI-RUI-P002LD
A57: 254 | B57: febrero | C57: BI-RUI-007LD | E57: =10*LOG((1/7)*(10^(H57/10)+10^(K57/10)+10^(N57/10)+10^(Q57/10)+10^(T57/10)+10^(W57/10)+10^(Z57/10))) -> 66.251021 | F57: =10*LOG((1/7)*(10^(I57/10)+10^(L57/10)+10^(O57/10)+10^(R57/10)+10^(U57/10)+10^(X57/10)+10^(AA57/10))) -> 66.398814 | G57: =10*LOG((1/7)*(10^(J57/10)+10^(M57/10)+10^(P57/10)+10^(S57/10)+10^(V57/10)+10^(Y57/10)+10^(AB57/10))) -> 62.352279 | H57: 66.240155 | I57: 64.489481 | J57: 58.463968 | K57: 66.153824 | L57: 64.886711 | M57: 58.181076 | N57: 67.001921 | O57: 65.470965 | P57: 60.639613 | Q57: 67.31939 | R57: 66.159148 | S57: 62.332989 | T57: 66.58946 | U57: 67.417794 | V57: 61.921265 | W57: 65.432123 | X57: 69.439999 | Y57: 64.090675 | Z57: 64.365322 | AA57: 64.302357 | AB57: 65.65917 | AC57: =E57-G57 -> 3.8987417 | AD57: =E57-F57 -> -0.14779274 | AE57: =F57-G57 -> 4.0465344 | AF57: =H57-J57 -> 7.776187 | AG57: =K57-M57 -> 7.9727479 | AH57: =N57-P57 -> 6.3623073 | AI57: =Q57-S57 -> 4.9864008 | AJ57: =T57-V57 -> 4.6681953 | AK57: =W57-Y57 -> 1.3414481 | AL57: =Z57-AB57 -> -1.2938476 | AM57: =H57-I57 -> 1.7506747 | AN57: =I57-J57 -> 6.0255123 | AO57: =N57-O57 -> 1.5309557 | AP57: =Q57-R57 -> 1.1602416 | AQ57: =T57-U57 -> -0.82833338 | AR57: =W57-X57 -> -4.0078758 | AS57: =Z57-AA57 -> 0.062965771 | AT57: =I57-J57 -> 6.0255123 | AU57: =L57-M57 -> 6.705635 | AV57: =O57-P57 -> 4.8313516 | AW57: =R57-S57 -> 3.8261591 | AX57: =U57-V57 -> 5.4965286 | AY57: =X57-Y57 -> 5.3493238 | AZ57: =AA57-AB57 -> -1.3568134 | BA57: =IF(AB57>55,IF(AL57<2,C57,IF(Y57>55,IF(AK57<2,C57,IF(V57>55,IF(AJ57<2,C57,"")))))) -> BI-RUI-007LD | BB57: =IF(AA57>65,IF(AS57<2,C57,IF(X57>65,IF(AR57<2,C57,IF(U57>65,IF(AQ57<2,C57,"")))))) -> FALSE | BC57: BI-RUI-C031LD | BF57: BI-RUI-P012LD | BI57: BI-RUI-P003LD
A58: 442 | B58: marzo | C58: BI-RUI-007LD | E58: =10*LOG((1/7)*(10^(H58/10)+10^(K58/10)+10^(N58/10)+10^(Q58/10)+10^(T58/10)+10^(W58/10)+10^(Z58/10))) -> 66.80222 | F58: =10*LOG((1/7)*(10^(I58/10)+10^(L58/10)+10^(O58/10)+10^(R58/10)+10^(U58/10)+10^(X58/10)+10^(AA58/10))) -> 67.087712 | G58: =10*LOG((1/7)*(10^(J58/10)+10^(M58/10)+10^(P58/10)+10^(S58/10)+10^(V58/10)+10^(Y58/10)+10^(AB58/10))) -> 63.08388 | H58: 67.633795 | I58: 65.366645 | J58: 59.38093 | K58: 67.288523 | L58: 65.441775 | M58: 59.212167 | N58: 66.18107 | O58: 65.567696 | P58: 59.211233 | Q58: 66.430443 | R58: 66.722171 | S58: 60.639909 | T58: 67.018975 | U58: 68.578229 | V58: 63.616428 | W58: 67.301115 | X58: 69.93931 | Y58: 66.474059 | Z58: 65.332378 | AA58: 65.419056 | AB58: 65.804136 | AC58: =E58-G58 -> 3.7183397 | AD58: =E58-F58 -> -0.28549228 | AE58: =F58-G58 -> 4.003832 | AF58: =H58-J58 -> 8.2528652 | AG58: =K58-M58 -> 8.0763559 | AH58: =N58-P58 -> 6.9698374 | AI58: =Q58-S58 -> 5.7905339 | AJ58: =T58-V58 -> 3.4025476 | AK58: =W58-Y58 -> 0.82705648 | AL58: =Z58-AB58 -> -0.4717581 | AM58: =H58-I58 -> 2.2671501 | AN58: =I58-J58 -> 5.9857152 | AO58: =N58-O58 -> 0.61337428 | AP58: =Q58-R58 -> -0.29172821 | AQ58: =T58-U58 -> -1.5592534 | AR58: =W58-X58 -> -2.6381951 | AS58: =Z58-AA58 -> -0.086677865 | AT58: =I58-J58 -> 5.9857152 | AU58: =L58-M58 -> 6.2296085 | AV58: =O58-P58 -> 6.3564631 | AW58: =R58-S58 -> 6.0822621 | AX58: =U58-V58 -> 4.961801 | AY58: =X58-Y58 -> 3.4652516 | AZ58: =AA58-AB58 -> -0.38508023 | BA58: =IF(AB58>55,IF(AL58<2,C58,IF(Y58>55,IF(AK58<2,C58,IF(V58>55,IF(AJ58<2,C58,"")))))) -> BI-RUI-007LD | BB58: =IF(AA58>65,IF(AS58<2,C58,IF(X58>65,IF(AR58<2,C58,IF(U58>65,IF(AQ58<2,C58,"")))))) -> BI-RUI-007LD | BC58: BI-RUI-C032LD | BF58: BI-RUI-P013LD | BI58: BI-RUI-P004LD
A59: 4 | B59: abril | C59: BI-RUI-007LD | E59: =10*LOG((1/7)*(10^(H59/10)+10^(K59/10)+10^(N59/10)+10^(Q59/10)+10^(T59/10)+10^(W59/10)+10^(Z59/10))) -> 65.645871 | F59: =10*LOG((1/7)*(10^(I59/10)+10^(L59/10)+10^(O59/10)+10^(R59/10)+10^(U59/10)+10^(X59/10)+10^(AA59/10))) -> 66.403257 | G59: =10*LOG((1/7)*(10^(J59/10)+10^(M59/10)+10^(P59/10)+10^(S59/10)+10^(V59/10)+10^(Y59/10)+10^(AB59/10))) -> 61.679364 | H59: 65.576938 | I59: 65.430165 | J59: 59.560291 | K59: 66.119419 | L59: 66.225511 | M59: 58.73164 | N59: 66.333735 | O59: 65.910299 | P59: 60.456927 | Q59: 65.881009 | R59: 66.050577 | S59: 60.305474 | T59: 66.123402 | U59: 67.820342 | V59: 63.408042 | W59: 65.300323 | X59: 66.72244 | Y59: 63.756834 | Z59: 63.663627 | AA59: 66.244246 | AB59: 62.795524 | AC59: =E59-G59 -> 3.966507 | AD59: =E59-F59 -> -0.75738561 | AE59: =F59-G59 -> 4.7238927 | AF59: =H59-J59 -> 6.0166468 | AG59: =K59-M59 -> 7.3877792 | AH59: =N59-P59 -> 5.8768082 | AI59: =Q59-S59 -> 5.5755355 | AJ59: =T59-V59 -> 2.71536 | AK59: =W59-Y59 -> 1.5434893 | AL59: =Z59-AB59 -> 0.86810313 | AM59: =H59-I59 -> 0.14677309 | AN59: =I59-J59 -> 5.8698737 | AO59: =N59-O59 -> 0.42343579 | AP59: =Q59-R59 -> -0.1695676 | AQ59: =T59-U59 -> -1.69694 | AR59: =W59-X59 -> -1.4221164 | AS59: =Z59-AA59 -> -2.5806197 | AT59: =I59-J59 -> 5.8698737 | AU59: =L59-M59 -> 7.4938717 | AV59: =O59-P59 -> 5.4533724 | AW59: =R59-S59 -> 5.7451031 | AX59: =U59-V59 -> 4.4123 | AY59: =X59-Y59 -> 2.9656058 | AZ59: =AA59-AB59 -> 3.4487228 | BA59: =IF(AB59>55,IF(AL59<2,C59,IF(Y59>55,IF(AK59<2,C59,IF(V59>55,IF(AJ59<2,C59,"")))))) -> BI-RUI-007LD | BB59: =IF(AA59>65,IF(AS59<2,C59,IF(X59>65,IF(AR59<2,C59,IF(U59>65,IF(AQ59<2,C59,"")))))) -> BI-RUI-007LD | BC59: BI-RUI-C033LD | BF59: BI-RUI-P014LD | BI59: BI-RUI-P005LD
A60: 505 | B60: mayo | C60: BI-RUI-007LD | E60: =10*LOG((1/7)*(10^(H60/10)+10^(K60/10)+10^(N60/10)+10^(Q60/10)+10^(T60/10)+10^(W60/10)+10^(Z60/10))) -> 66.110369 | F60: =10*LOG((1/7)*(10^(I60/10)+10^(L60/10)+10^(O60/10)+10^(R60/10)+10^(U60/10)+10^(X60/10)+10^(AA60/10))) -> 66.760228 | G60: =10*LOG((1/7)*(10^(J60/10)+10^(M60/10)+10^(P60/10)+10^(S60/10)+10^(V60/10)+10^(Y60/10)+10^(AB60/10))) -> 62.256106 | H60: 65.824155 | I60: 65.870464 | J60: 60.361827 | K60: 66.98351 | L60: 65.562835 | M60: 59.71824 | N60: 66.456903 | O60: 66.9681 | P60: 61.122512 | Q60: 66.256509 | R60: 66.889881 | S60: 61.518077 | T60: 66.985188 | U60: 67.712496 | V60: 64.309731 | W60: 65.358301 | X60: 67.993633 | Y60: 64.120625 | Z60: 64.303566 | AA60: 65.643624 | AB60: 62.431666 | AC60: =E60-G60 -> 3.8542635 | AD60: =E60-F60 -> -0.64985866 | AE60: =F60-G60 -> 4.5041221 | AF60: =H60-J60 -> 5.4623284 | AG60: =K60-M60 -> 7.2652707 | AH60: =N60-P60 -> 5.3343904 | AI60: =Q60-S60 -> 4.7384325 | AJ60: =T60-V60 -> 2.6754566 | AK60: =W60-Y60 -> 1.2376762 | AL60: =Z60-AB60 -> 1.8719005 | AM60: =H60-I60 -> -0.046308764 | AN60: =I60-J60 -> 5.5086372 | AO60: =N60-O60 -> -0.51119749 | AP60: =Q60-R60 -> -0.63337194 | AQ60: =T60-U60 -> -0.72730872 | AR60: =W60-X60 -> -2.6353325 | AS60: =Z60-AA60 -> -1.3400579 | AT60: =I60-J60 -> 5.5086372 | AU60: =L60-M60 -> 5.8445956 | AV60: =O60-P60 -> 5.8455879 | AW60: =R60-S60 -> 5.3718045 | AX60: =U60-V60 -> 3.4027653 | AY60: =X60-Y60 -> 3.8730087 | AZ60: =AA60-AB60 -> 3.2119584 | BA60: =IF(AB60>55,IF(AL60<2,C60,IF(Y60>55,IF(AK60<2,C60,IF(V60>55,IF(AJ60<2,C60,"")))))) -> BI-RUI-007LD | BB60: =IF(AA60>65,IF(AS60<2,C60,IF(X60>65,IF(AR60<2,C60,IF(U60>65,IF(AQ60<2,C60,"")))))) -> BI-RUI-007LD | BC60: BI-RUI-C034LD | BI60: BI-RUI-P006LD
A61: 379 | B61: junio | C61: BI-RUI-007LD | E61: =10*LOG((1/7)*(10^(H61/10)+10^(K61/10)+10^(N61/10)+10^(Q61/10)+10^(T61/10)+10^(W61/10)+10^(Z61/10))) -> 65.817716 | F61: =10*LOG((1/7)*(10^(I61/10)+10^(L61/10)+10^(O61/10)+10^(R61/10)+10^(U61/10)+10^(X61/10)+10^(AA61/10))) -> 66.96092 | G61: =10*LOG((1/7)*(10^(J61/10)+10^(M61/10)+10^(P61/10)+10^(S61/10)+10^(V61/10)+10^(Y61/10)+10^(AB61/10))) -> 62.76141 | H61: 66.482452 | I61: 64.522595 | J61: 59.261173 | K61: 66.270181 | L61: 66.559223 | M61: 60.450246 | N61: 65.913716 | O61: 66.839575 | P61: 60.529257 | Q61: 65.974841 | R61: 67.034744 | S61: 61.663977 | T61: 66.278994 | U61: 68.549077 | V61: 63.896835 | W61: 64.74006 | X61: 68.367452 | Y61: 65.902443 | Z61: 64.701171 | AA61: 65.439151 | AB61: 63.664933 | AC61: =E61-G61 -> 3.0563058 | AD61: =E61-F61 -> -1.1432045 | AE61: =F61-G61 -> 4.1995103 | AF61: =H61-J61 -> 7.2212799 | AG61: =K61-M61 -> 5.8199353 | AH61: =N61-P61 -> 5.3844589 | AI61: =Q61-S61 -> 4.3108642 | AJ61: =T61-V61 -> 2.3821597 | AK61: =W61-Y61 -> -1.1623825 | AL61: =Z61-AB61 -> 1.0362383 | AM61: =H61-I61 -> 1.959857 | AN61: =I61-J61 -> 5.2614229 | AO61: =N61-O61 -> -0.92585854 | AP61: =Q61-R61 -> -1.0599025 | AQ61: =T61-U61 -> -2.2700824 | AR61: =W61-X61 -> -3.6273919 | AS61: =Z61-AA61 -> -0.73798063 | AT61: =I61-J61 -> 5.2614229 | AU61: =L61-M61 -> 6.1089769 | AV61: =O61-P61 -> 6.3103175 | AW61: =R61-S61 -> 5.3707667 | AX61: =U61-V61 -> 4.6522421 | AY61: =X61-Y61 -> 2.4650094 | AZ61: =AA61-AB61 -> 1.774219 | BA61: =IF(AB61>55,IF(AL61<2,C61,IF(Y61>55,IF(AK61<2,C61,IF(V61>55,IF(AJ61<2,C61,"")))))) -> BI-RUI-007LD | BB61: =IF(AA61>65,IF(AS61<2,C61,IF(X61>65,IF(AR61<2,C61,IF(U61>65,IF(AQ61<2,C61,"")))))) -> BI-RUI-007LD | BC61: BI-RUI-P001LD | BI61: BI-RUI-P007LD
A62: 316 | B62: julio | C62: BI-RUI-007LD | E62: =10*LOG((1/7)*(10^(H62/10)+10^(K62/10)+10^(N62/10)+10^(Q62/10)+10^(T62/10)+10^(W62/10)+10^(Z62/10))) -> 63.329579 | F62: =10*LOG((1/7)*(10^(I62/10)+10^(L62/10)+10^(O62/10)+10^(R62/10)+10^(U62/10)+10^(X62/10)+10^(AA62/10))) -> 64.281849 | G62: =10*LOG((1/7)*(10^(J62/10)+10^(M62/10)+10^(P62/10)+10^(S62/10)+10^(V62/10)+10^(Y62/10)+10^(AB62/10))) -> 59.910759 | H62: 62.833729 | I62: 64.990022 | J62: 57.668312 | K62: 63.676675 | L62: 63.254636 | M62: 57.483659 | N62: 63.99583 | O62: 65.066005 | P62: 58.258903 | Q62: 63.116587 | R62: 64.940802 | S62: 59.597189 | T62: 65.054029 | U62: 65.563426 | V62: 60.629853 | W62: 62.250867 | X62: 62.819959 | Y62: 62.664307 | Z62: 61.386164 | AA62: 62.166029 | AB62: 60.526097 | AC62: =E62-G62 -> 3.4188201 | AD62: =E62-F62 -> -0.95226957 | AE62: =F62-G62 -> 4.3710897 | AF62: =H62-J62 -> 5.1654171 | AG62: =K62-M62 -> 6.1930156 | AH62: =N62-P62 -> 5.7369268 | AI62: =Q62-S62 -> 3.5193982 | AJ62: =T62-V62 -> 4.4241754 | AK62: =W62-Y62 -> -0.41343981 | AL62: =Z62-AB62 -> 0.86006751 | AM62: =H62-I62 -> -2.1562922 | AN62: =I62-J62 -> 7.3217093 | AO62: =N62-O62 -> -1.0701748 | AP62: =Q62-R62 -> -1.8242147 | AQ62: =T62-U62 -> -0.50939771 | AR62: =W62-X62 -> -0.56909152 | AS62: =Z62-AA62 -> -0.77986487 | AT62: =I62-J62 -> 7.3217093 | AU62: =L62-M62 -> 5.7709768 | AV62: =O62-P62 -> 6.8071016 | AW62: =R62-S62 -> 5.343613 | AX62: =U62-V62 -> 4.9335732 | AY62: =X62-Y62 -> 0.15565171 | AZ62: =AA62-AB62 -> 1.6399324 | BA62: =IF(AB62>55,IF(AL62<2,C62,IF(Y62>55,IF(AK62<2,C62,IF(V62>55,IF(AJ62<2,C62,"")))))) -> BI-RUI-007LD | BB62: =IF(AA62>65,IF(AS62<2,C62,IF(X62>65,IF(AR62<2,C62,IF(U62>65,IF(AQ62<2,C62,"")))))) -> FALSE | BC62: BI-RUI-P002LD | BI62: BI-RUI-P008LD
